node_name,rate,origin_traffic,traffic,log_time
美国5a-付费节点,1,1185056,1.13MB,2024-04-21 00:01:39
美国5a-付费节点,1,1330769,1.27MB,2024-04-21 00:04:40
美国5a-付费节点,1,1148211,1.1MB,2024-04-21 00:07:41
美国5a-付费节点,1,31,31B,2024-04-21 00:10:43
美国5a-付费节点,1,1313580,1.25MB,2024-04-21 00:25:50
美国5a-付费节点,1,1150899,1.1MB,2024-04-21 00:28:52
美国5a-付费节点,1,1128336,1.08MB,2024-04-21 00:31:53
美国5a-付费节点,1,1165020,1.11MB,2024-04-21 00:34:54
美国5a-付费节点,1,806385,787.49KB,2024-04-21 00:37:55
美国5a-付费节点,1,1380143,1.32MB,2024-04-21 00:53:03
美国5a-付费节点,1,2849855,2.72MB,2024-04-21 00:56:04
美国5a-付费节点,1,1052047,1MB,2024-04-21 00:59:05
美国5a-付费节点,1,1140652,1.09MB,2024-04-21 01:02:06
美国5a-付费节点,1,1248426,1.19MB,2024-04-21 01:05:08
美国5a-付费节点,1,1011949,988.23KB,2024-04-21 01:08:09
美国5a-付费节点,1,1010987,987.29KB,2024-04-21 01:11:10
美国5a-付费节点,1,1113085,1.06MB,2024-04-21 01:14:12
美国5a-付费节点,1,1143857,1.09MB,2024-04-21 01:17:13
美国5a-付费节点,1,1066744,1.02MB,2024-04-21 01:20:15
美国5a-付费节点,1,206515,201.67KB,2024-04-21 01:23:17
美国5a-付费节点,1,511752,499.76KB,2024-04-21 01:32:22
美国5a-付费节点,1,12390,12.1KB,2024-04-21 01:35:23
美国5a-付费节点,1,146374,142.94KB,2024-04-21 01:50:30
美国5a-付费节点,1,34107,33.31KB,2024-04-21 01:53:32
美国5a-付费节点,1,675019,659.2KB,2024-04-21 03:18:10
美国5a-付费节点,1,162001,158.2KB,2024-04-21 03:21:11
美国5a-付费节点,1,254885,248.91KB,2024-04-21 04:00:27
美国5a-付费节点,1,309543,302.29KB,2024-04-21 04:03:28
美国5a-付费节点,1,348564,340.39KB,2024-04-21 04:21:35
美国5a-付费节点,1,19178,18.73KB,2024-04-21 04:24:36
美国5a-付费节点,1,157314,153.63KB,2024-04-21 04:36:41
美国5a-付费节点,1,308126,300.9KB,2024-04-21 04:39:43
美国5a-付费节点,1,64827,63.31KB,2024-04-21 06:01:18
美国5a-付费节点,1,110013,107.43KB,2024-04-21 06:04:19
美国5a-付费节点,1,211332,206.38KB,2024-04-21 06:19:26
美国5a-付费节点,1,36050,35.21KB,2024-04-21 06:22:28
美国5a-付费节点,1,46111,45.03KB,2024-04-21 08:02:05
美国5a-付费节点,1,245004,239.26KB,2024-04-21 08:05:07
美国5a-付费节点,1,71159,69.49KB,2024-04-21 08:20:14
美国5a-付费节点,1,267884,261.61KB,2024-04-21 08:23:16
美国5a-付费节点,1,102078,99.69KB,2024-04-21 08:59:33
美国5a-付费节点,1,43050,42.04KB,2024-04-21 09:02:34
美国5a-付费节点,1,6272,6.13KB,2024-04-21 09:05:36
新加坡3a-付费节点,1,18673084,17.81MB,2024-04-21 09:07:19
新加坡3a-付费节点,1,308139,300.92KB,2024-04-21 09:08:19
新加坡3a-付费节点,1,62664,61.2KB,2024-04-21 09:09:20
新加坡3a-付费节点,1,31636,30.89KB,2024-04-21 09:10:20
新加坡3a-付费节点,1,18736,18.3KB,2024-04-21 09:11:20
新加坡3a-付费节点,1,55208,53.91KB,2024-04-21 09:12:21
新加坡3a-付费节点,1,647180,632.01KB,2024-04-21 09:13:21
新加坡3a-付费节点,1,137911,134.68KB,2024-04-21 09:14:21
新加坡3a-付费节点,1,2020984,1.93MB,2024-04-21 09:15:21
新加坡3a-付费节点,1,17995779,17.16MB,2024-04-21 09:16:22
新加坡3a-付费节点,1,18101739,17.26MB,2024-04-21 09:17:22
新加坡3a-付费节点,1,46038,44.96KB,2024-04-21 09:18:22
新加坡3a-付费节点,1,38117,37.22KB,2024-04-21 09:19:22
新加坡3a-付费节点,1,61789,60.34KB,2024-04-21 09:20:23
美国5a-付费节点,1,332973,325.17KB,2024-04-21 09:20:44
新加坡3a-付费节点,1,32902,32.13KB,2024-04-21 09:21:23
新加坡3a-付费节点,1,75860,74.08KB,2024-04-21 09:22:23
新加坡3a-付费节点,1,39214,38.29KB,2024-04-21 09:23:23
新加坡3a-付费节点,1,28254,27.59KB,2024-04-21 09:24:24
新加坡3a-付费节点,1,41046,40.08KB,2024-04-21 09:25:24
新加坡3a-付费节点,1,52709,51.47KB,2024-04-21 09:26:24
新加坡3a-付费节点,1,23463,22.91KB,2024-04-21 09:27:25
新加坡3a-付费节点,1,27844,27.19KB,2024-04-21 09:28:25
新加坡3a-付费节点,1,26084442,24.88MB,2024-04-21 09:29:25
新加坡3a-付费节点,1,48511378,46.26MB,2024-04-21 09:30:25
新加坡3a-付费节点,1,35405572,33.77MB,2024-04-21 09:31:26
新加坡3a-付费节点,1,25037292,23.88MB,2024-04-21 09:32:26
新加坡3a-付费节点,1,26413032,25.19MB,2024-04-21 09:33:26
新加坡3a-付费节点,1,34208680,32.62MB,2024-04-21 09:34:27
新加坡3a-付费节点,1,99541,97.21KB,2024-04-21 09:35:27
美国5a-付费节点,1,48480,47.34KB,2024-04-21 09:35:51
新加坡3a-付费节点,1,17105169,16.31MB,2024-04-21 09:36:27
新加坡3a-付费节点,1,4488595,4.28MB,2024-04-21 09:37:27
新加坡3a-付费节点,1,27372370,26.1MB,2024-04-21 09:38:28
美国5a-付费节点,1,65665,64.13KB,2024-04-21 09:38:53
新加坡3a-付费节点,1,12402411,11.83MB,2024-04-21 09:39:28
新加坡3a-付费节点,1,6101167,5.82MB,2024-04-21 09:40:28
新加坡3a-付费节点,1,30708,29.99KB,2024-04-21 09:41:29
新加坡3a-付费节点,1,28693,28.02KB,2024-04-21 09:42:29
新加坡3a-付费节点,1,22893,22.36KB,2024-04-21 09:43:29
新加坡3a-付费节点,1,52286,51.06KB,2024-04-21 09:44:29
新加坡3a-付费节点,1,17865414,17.04MB,2024-04-21 09:45:30
新加坡3a-付费节点,1,54501874,51.98MB,2024-04-21 09:46:30
新加坡3a-付费节点,1,45310598,43.21MB,2024-04-21 09:47:30
新加坡3a-付费节点,1,33476489,31.93MB,2024-04-21 09:48:30
新加坡3a-付费节点,1,26504739,25.28MB,2024-04-21 09:49:31
新加坡3a-付费节点,1,16739336,15.96MB,2024-04-21 09:50:31
美国5a-付费节点,1,722580,705.64KB,2024-04-21 09:50:59
新加坡3a-付费节点,1,25523999,24.34MB,2024-04-21 09:51:31
新加坡3a-付费节点,1,15468668,14.75MB,2024-04-21 09:52:32
新加坡3a-付费节点,1,25863498,24.67MB,2024-04-21 09:53:32
美国5a-付费节点,1,1855454,1.77MB,2024-04-21 09:54:01
新加坡3a-付费节点,1,17139094,16.35MB,2024-04-21 09:54:32
新加坡3a-付费节点,1,25040307,23.88MB,2024-04-21 09:55:33
新加坡3a-付费节点,1,8958288,8.54MB,2024-04-21 09:56:33
美国5a-付费节点,1,2168335,2.07MB,2024-04-21 09:57:02
新加坡3a-付费节点,1,71113,69.45KB,2024-04-21 09:57:33
新加坡3a-付费节点,1,4369659,4.17MB,2024-04-21 09:58:33
新加坡3a-付费节点,1,25229206,24.06MB,2024-04-21 09:59:34
美国5a-付费节点,1,3081275,2.94MB,2024-04-21 10:00:04
新加坡3a-付费节点,1,3258989,3.11MB,2024-04-21 10:00:34
新加坡3a-付费节点,1,11416244,10.89MB,2024-04-21 10:01:34
新加坡3a-付费节点,1,24991482,23.83MB,2024-04-21 10:02:35
美国5a-付费节点,1,3872923,3.69MB,2024-04-21 10:03:05
新加坡3a-付费节点,1,12068514,11.51MB,2024-04-21 10:03:35
新加坡3a-付费节点,1,4898447,4.67MB,2024-04-21 10:04:35
新加坡3a-付费节点,1,2092934,2MB,2024-04-21 10:05:35
美国5a-付费节点,1,1792118,1.71MB,2024-04-21 10:06:07
新加坡3a-付费节点,1,53934,52.67KB,2024-04-21 10:06:36
新加坡3a-付费节点,1,1772386,1.69MB,2024-04-21 10:07:36
新加坡3a-付费节点,1,18111921,17.27MB,2024-04-21 10:08:36
美国5a-付费节点,1,1287251,1.23MB,2024-04-21 10:09:08
新加坡3a-付费节点,1,5025217,4.79MB,2024-04-21 10:09:37
新加坡3a-付费节点,1,61963,60.51KB,2024-04-21 10:10:37
新加坡3a-付费节点,1,1205112,1.15MB,2024-04-21 10:11:37
美国5a-付费节点,1,7498182,7.15MB,2024-04-21 10:12:09
新加坡3a-付费节点,1,37768,36.88KB,2024-04-21 10:12:38
新加坡3a-付费节点,1,30654,29.94KB,2024-04-21 10:13:38
新加坡3a-付费节点,1,65074,63.55KB,2024-04-21 10:14:38
美国5a-付费节点,1,2246883,2.14MB,2024-04-21 10:15:10
新加坡3a-付费节点,1,17346,16.94KB,2024-04-21 10:15:38
新加坡3a-付费节点,1,17873,17.45KB,2024-04-21 10:16:39
新加坡3a-付费节点,1,10582,10.33KB,2024-04-21 10:17:39
美国5a-付费节点,1,1509158,1.44MB,2024-04-21 10:18:11
新加坡3a-付费节点,1,17991,17.57KB,2024-04-21 10:18:39
新加坡3a-付费节点,1,30618,29.9KB,2024-04-21 10:19:40
新加坡3a-付费节点,1,10550,10.3KB,2024-04-21 10:20:40
美国5a-付费节点,1,2005299,1.91MB,2024-04-21 10:21:13
新加坡3a-付费节点,1,27217,26.58KB,2024-04-21 10:21:40
新加坡3a-付费节点,1,30747,30.03KB,2024-04-21 10:22:40
新加坡3a-付费节点,1,10549,10.3KB,2024-04-21 10:23:41
美国5a-付费节点,1,4734271,4.51MB,2024-04-21 10:24:14
新加坡3a-付费节点,1,17452,17.04KB,2024-04-21 10:24:41
新加坡3a-付费节点,1,15187,14.83KB,2024-04-21 10:25:41
新加坡3a-付费节点,1,22841,22.31KB,2024-04-21 10:26:42
美国5a-付费节点,1,2212239,2.11MB,2024-04-21 10:27:16
新加坡3a-付费节点,1,1772875,1.69MB,2024-04-21 10:27:42
新加坡3a-付费节点,1,10646571,10.15MB,2024-04-21 10:28:42
新加坡3a-付费节点,1,48770,47.63KB,2024-04-21 10:29:43
美国5a-付费节点,1,1443361,1.38MB,2024-04-21 10:30:17
新加坡3a-付费节点,1,39387,38.46KB,2024-04-21 10:30:43
新加坡3a-付费节点,1,139697,136.42KB,2024-04-21 10:31:43
新加坡3a-付费节点,1,5650799,5.39MB,2024-04-21 10:32:43
美国5a-付费节点,1,1245994,1.19MB,2024-04-21 10:33:18
新加坡3a-付费节点,1,6174727,5.89MB,2024-04-21 10:33:44
新加坡3a-付费节点,1,8560825,8.16MB,2024-04-21 10:34:44
新加坡3a-付费节点,1,6367858,6.07MB,2024-04-21 10:35:44
美国5a-付费节点,1,7374157,7.03MB,2024-04-21 10:36:20
新加坡3a-付费节点,1,1851076,1.77MB,2024-04-21 10:36:45
新加坡3a-付费节点,1,6577431,6.27MB,2024-04-21 10:37:45
新加坡3a-付费节点,1,3383253,3.23MB,2024-04-21 10:38:45
美国5a-付费节点,1,2114044,2.02MB,2024-04-21 10:39:21
新加坡3a-付费节点,1,5003407,4.77MB,2024-04-21 10:39:45
新加坡3a-付费节点,1,5353629,5.11MB,2024-04-21 10:40:46
新加坡3a-付费节点,1,54435,53.16KB,2024-04-21 10:41:46
美国5a-付费节点,1,2785248,2.66MB,2024-04-21 10:42:22
新加坡3a-付费节点,1,19269,18.82KB,2024-04-21 10:42:46
新加坡3a-付费节点,1,5078536,4.84MB,2024-04-21 10:43:47
新加坡3a-付费节点,1,8309524,7.92MB,2024-04-21 10:44:47
美国5a-付费节点,1,1867963,1.78MB,2024-04-21 10:45:24
新加坡3a-付费节点,1,50545,49.36KB,2024-04-21 10:45:47
新加坡3a-付费节点,1,26566,25.94KB,2024-04-21 10:46:48
新加坡3a-付费节点,1,17914,17.49KB,2024-04-21 10:47:48
美国5a-付费节点,1,1749114,1.67MB,2024-04-21 10:48:25
新加坡3a-付费节点,1,12315,12.03KB,2024-04-21 10:48:48
新加坡3a-付费节点,1,10138871,9.67MB,2024-04-21 10:49:49
新加坡3a-付费节点,1,56135,54.82KB,2024-04-21 10:50:49
美国5a-付费节点,1,2038650,1.94MB,2024-04-21 10:51:26
新加坡3a-付费节点,1,39993,39.06KB,2024-04-21 10:51:49
新加坡3a-付费节点,1,35636,34.8KB,2024-04-21 10:52:50
新加坡3a-付费节点,1,10613,10.36KB,2024-04-21 10:53:50
美国5a-付费节点,1,1721333,1.64MB,2024-04-21 10:54:28
新加坡3a-付费节点,1,52015,50.8KB,2024-04-21 10:54:50
新加坡3a-付费节点,1,15252,14.89KB,2024-04-21 10:55:50
新加坡3a-付费节点,1,1873983,1.79MB,2024-04-21 10:56:51
美国5a-付费节点,1,52925778,50.47MB,2024-04-21 10:57:29
新加坡3a-付费节点,1,3581986,3.42MB,2024-04-21 10:57:51
新加坡3a-付费节点,1,1780316,1.7MB,2024-04-21 10:58:51
新加坡3a-付费节点,1,5153391,4.91MB,2024-04-21 10:59:52
美国5a-付费节点,1,1283231,1.22MB,2024-04-21 11:00:30
新加坡3a-付费节点,1,46597,45.5KB,2024-04-21 11:00:52
新加坡3a-付费节点,1,10282748,9.81MB,2024-04-21 11:01:52
新加坡3a-付费节点,1,2930124,2.79MB,2024-04-21 11:02:53
美国5a-付费节点,1,2113310,2.02MB,2024-04-21 11:03:32
新加坡3a-付费节点,1,4479270,4.27MB,2024-04-21 11:03:53
新加坡3a-付费节点,1,4252000,4.06MB,2024-04-21 11:04:53
新加坡3a-付费节点,1,4294870,4.1MB,2024-04-21 11:05:54
美国5a-付费节点,1,1639334,1.56MB,2024-04-21 11:06:33
新加坡3a-付费节点,1,4584263,4.37MB,2024-04-21 11:06:54
新加坡3a-付费节点,1,4454276,4.25MB,2024-04-21 11:07:54
新加坡3a-付费节点,1,4583536,4.37MB,2024-04-21 11:08:54
美国5a-付费节点,1,1097794,1.05MB,2024-04-21 11:09:35
新加坡3a-付费节点,1,4788416,4.57MB,2024-04-21 11:09:55
新加坡3a-付费节点,1,4383775,4.18MB,2024-04-21 11:10:55
新加坡3a-付费节点,1,6543000,6.24MB,2024-04-21 11:11:55
美国5a-付费节点,1,2544491,2.43MB,2024-04-21 11:12:36
新加坡3a-付费节点,1,8864903,8.45MB,2024-04-21 11:12:56
新加坡3a-付费节点,1,7849688,7.49MB,2024-04-21 11:13:56
新加坡3a-付费节点,1,30950854,29.52MB,2024-04-21 11:14:56
美国5a-付费节点,1,1366505,1.3MB,2024-04-21 11:15:37
新加坡3a-付费节点,1,16151855,15.4MB,2024-04-21 11:15:57
新加坡3a-付费节点,1,5544957,5.29MB,2024-04-21 11:16:57
新加坡3a-付费节点,1,6427271,6.13MB,2024-04-21 11:17:57
美国5a-付费节点,1,4320966,4.12MB,2024-04-21 11:18:39
新加坡3a-付费节点,1,6952202,6.63MB,2024-04-21 11:18:58
新加坡3a-付费节点,1,6588702,6.28MB,2024-04-21 11:19:58
新加坡3a-付费节点,1,6592269,6.29MB,2024-04-21 11:20:58
美国5a-付费节点,1,3591802,3.43MB,2024-04-21 11:21:41
新加坡3a-付费节点,1,165164,161.29KB,2024-04-21 11:21:59
新加坡3a-付费节点,1,2646939,2.52MB,2024-04-21 11:22:59
新加坡3a-付费节点,1,2126091,2.03MB,2024-04-21 11:23:59
美国5a-付费节点,1,2115888,2.02MB,2024-04-21 11:24:42
新加坡3a-付费节点,1,1958047,1.87MB,2024-04-21 11:25:00
新加坡3a-付费节点,1,20129707,19.2MB,2024-04-21 11:26:00
新加坡3a-付费节点,1,21168028,20.19MB,2024-04-21 11:27:00
美国5a-付费节点,1,1807064,1.72MB,2024-04-21 11:27:43
新加坡3a-付费节点,1,14917260,14.23MB,2024-04-21 11:28:01
新加坡3a-付费节点,1,24669180,23.53MB,2024-04-21 11:29:01
新加坡3a-付费节点,1,20463583,19.52MB,2024-04-21 11:30:01
美国5a-付费节点,1,1140390,1.09MB,2024-04-21 11:30:44
新加坡3a-付费节点,1,28296,27.63KB,2024-04-21 11:31:02
美国5a-付费节点,1,2320774,2.21MB,2024-04-21 11:33:46
美国5a-付费节点,1,1126186,1.07MB,2024-04-21 11:36:48
美国5a-付费节点,1,108739,106.19KB,2024-04-21 11:39:49
美国5a-付费节点,1,51675,50.46KB,2024-04-21 11:48:54
美国5a-付费节点,1,4552483,4.34MB,2024-04-21 11:51:55
美国5a-付费节点,1,1317283,1.26MB,2024-04-21 11:54:57
美国5a-付费节点,1,1353111,1.29MB,2024-04-21 11:57:58
美国5a-付费节点,1,3920081,3.74MB,2024-04-21 12:01:00
美国5a-付费节点,1,2445630,2.33MB,2024-04-21 12:04:01
美国5a-付费节点,1,2598970,2.48MB,2024-04-21 12:07:03
美国5a-付费节点,1,1028226,1004.13KB,2024-04-21 12:10:05
美国5a-付费节点,1,2893894,2.76MB,2024-04-21 12:13:06
美国5a-付费节点,1,1258119,1.2MB,2024-04-21 12:16:07
美国5a-付费节点,1,1970732,1.88MB,2024-04-21 12:19:08
美国5a-付费节点,1,1787629,1.7MB,2024-04-21 12:22:10
美国5a-付费节点,1,1232212,1.18MB,2024-04-21 12:25:12
美国5a-付费节点,1,1287439,1.23MB,2024-04-21 12:28:13
美国5a-付费节点,1,2938420,2.8MB,2024-04-21 12:31:15
美国5a-付费节点,1,2929302,2.79MB,2024-04-21 12:34:17
美国5a-付费节点,1,1306411,1.25MB,2024-04-21 12:37:18
美国5a-付费节点,1,1911032,1.82MB,2024-04-21 12:40:20
美国5a-付费节点,1,704962,688.44KB,2024-04-21 12:43:21
美国5a-付费节点,1,592595,578.71KB,2024-04-21 12:58:29
美国5a-付费节点,1,42795,41.79KB,2024-04-21 13:01:31
美国5a-付费节点,1,1256382,1.2MB,2024-04-21 13:10:35
美国5a-付费节点,1,2047319,1.95MB,2024-04-21 13:13:37
美国5a-付费节点,1,1475867,1.41MB,2024-04-21 13:16:38
美国5a-付费节点,1,1165502,1.11MB,2024-04-21 13:19:39
美国5a-付费节点,1,1227417,1.17MB,2024-04-21 13:22:41
美国5a-付费节点,1,3393955,3.24MB,2024-04-21 13:25:42
美国5a-付费节点,1,1848798,1.76MB,2024-04-21 13:28:44
美国5a-付费节点,1,2372938,2.26MB,2024-04-21 13:31:45
美国5a-付费节点,1,72980,71.27KB,2024-04-21 13:34:47
美国5a-付费节点,1,399620,390.25KB,2024-04-21 13:49:53
美国5a-付费节点,1,270884,264.54KB,2024-04-21 13:52:55
美国5a-付费节点,1,22474,21.95KB,2024-04-21 13:55:56
美国5a-付费节点,1,1034,1.01KB,2024-04-21 14:01:59
美国5a-付费节点,1,16066,15.69KB,2024-04-21 14:05:00
美国5a-付费节点,1,9566,9.34KB,2024-04-21 14:08:01
美国5a-付费节点,1,5337,5.21KB,2024-04-21 14:11:03
美国5a-付费节点,1,3816,3.73KB,2024-04-21 14:14:04
美国5a-付费节点,1,757,757B,2024-04-21 14:17:05
美国5a-付费节点,1,83599,81.64KB,2024-04-21 14:20:07
美国5a-付费节点,1,8846,8.64KB,2024-04-21 14:23:08
美国5a-付费节点,1,8063,7.87KB,2024-04-21 14:32:13
美国5a-付费节点,1,7020,6.86KB,2024-04-21 14:38:15
美国5a-付费节点,1,5919,5.78KB,2024-04-21 14:44:18
美国5a-付费节点,1,8993,8.78KB,2024-04-21 14:47:19
美国5a-付费节点,1,2040,1.99KB,2024-04-21 14:50:20
美国5a-付费节点,1,10094,9.86KB,2024-04-21 14:53:22
美国5a-付费节点,1,3634,3.55KB,2024-04-21 14:56:24
美国5a-付费节点,1,2677,2.61KB,2024-04-21 14:59:25
美国5a-付费节点,1,9060,8.85KB,2024-04-21 15:02:27
美国5a-付费节点,1,9636,9.41KB,2024-04-21 15:05:29
美国5a-付费节点,1,2557,2.5KB,2024-04-21 15:08:30
美国5a-付费节点,1,8505,8.31KB,2024-04-21 15:11:32
美国5a-付费节点,1,3650679,3.48MB,2024-04-21 15:14:34
美国5a-付费节点,1,34436142,32.84MB,2024-04-21 15:17:35
美国5a-付费节点,1,14138398,13.48MB,2024-04-21 15:20:37
美国5a-付费节点,1,6223438,5.94MB,2024-04-21 15:23:39
美国5a-付费节点,1,19933765,19.01MB,2024-04-21 15:26:40
美国5a-付费节点,1,37715076,35.97MB,2024-04-21 15:29:42
美国5a-付费节点,1,42351026,40.39MB,2024-04-21 15:32:44
美国5a-付费节点,1,25638509,24.45MB,2024-04-21 15:35:45
美国5a-付费节点,1,44355569,42.3MB,2024-04-21 15:38:47
美国5a-付费节点,1,35646967,34MB,2024-04-21 15:41:49
美国5a-付费节点,1,35436495,33.79MB,2024-04-21 15:44:50
美国5a-付费节点,1,50723769,48.37MB,2024-04-21 15:47:52
美国5a-付费节点,1,33940672,32.37MB,2024-04-21 15:50:53
美国5a-付费节点,1,41543,40.57KB,2024-04-21 15:53:55
美国5a-付费节点,1,1534920,1.46MB,2024-04-21 15:56:57
美国5a-付费节点,1,958454,935.99KB,2024-04-21 15:59:59
美国5a-付费节点,1,399453,390.09KB,2024-04-21 16:03:00
美国5a-付费节点,1,192968,188.45KB,2024-04-21 16:45:23
美国5a-付费节点,1,229441,224.06KB,2024-04-21 17:00:30
美国5a-付费节点,1,311301,304KB,2024-04-21 17:03:31
美国5a-付费节点,1,431385,421.27KB,2024-04-21 18:46:20
美国5a-付费节点,1,34267,33.46KB,2024-04-21 18:49:22
美国5a-付费节点,1,126498,123.53KB,2024-04-21 19:07:32
美国5a-付费节点,1,207935,203.06KB,2024-04-21 19:10:33
美国5a-付费节点,1,177138,172.99KB,2024-04-21 19:25:40
美国5a-付费节点,1,78128,76.3KB,2024-04-21 19:28:42
美国5a-付费节点,1,600428,586.36KB,2024-04-21 19:43:50
美国5a-付费节点,1,213419,208.42KB,2024-04-21 19:46:51
美国5a-付费节点,1,361100,352.64KB,2024-04-21 20:47:21
美国5a-付费节点,1,215991,210.93KB,2024-04-21 20:50:23
新加坡3a-付费节点,1,153366,149.77KB,2024-04-21 21:29:20
新加坡3a-付费节点,1,242020,236.35KB,2024-04-21 21:30:21
新加坡3a-付费节点,1,6895075,6.58MB,2024-04-21 21:31:21
新加坡3a-付费节点,1,40820132,38.93MB,2024-04-21 21:32:22
新加坡3a-付费节点,1,45729180,43.61MB,2024-04-21 21:33:22
新加坡3a-付费节点,1,38222213,36.45MB,2024-04-21 21:34:22
新加坡3a-付费节点,1,2247660,2.14MB,2024-04-21 21:35:23
新加坡3a-付费节点,1,28095083,26.79MB,2024-04-21 21:36:23
新加坡3a-付费节点,1,9121376,8.7MB,2024-04-21 21:37:23
新加坡3a-付费节点,1,6933150,6.61MB,2024-04-21 21:38:24
新加坡3a-付费节点,1,33617274,32.06MB,2024-04-21 21:39:24
新加坡3a-付费节点,1,38508745,36.72MB,2024-04-21 21:40:25
新加坡3a-付费节点,1,31662083,30.2MB,2024-04-21 21:41:25
新加坡3a-付费节点,1,9669354,9.22MB,2024-04-21 21:42:25
新加坡3a-付费节点,1,33750,32.96KB,2024-04-21 21:43:26
新加坡3a-付费节点,1,19348,18.89KB,2024-04-21 21:44:26
新加坡3a-付费节点,1,33805,33.01KB,2024-04-21 21:45:26
新加坡3a-付费节点,1,42439,41.44KB,2024-04-21 21:46:27
新加坡3a-付费节点,1,32959,32.19KB,2024-04-21 21:47:27
美国5a-付费节点,1,284040,277.38KB,2024-04-21 21:47:54
新加坡3a-付费节点,1,9614252,9.17MB,2024-04-21 21:48:27
新加坡3a-付费节点,1,36654,35.79KB,2024-04-21 21:49:28
新加坡3a-付费节点,1,30272,29.56KB,2024-04-21 21:50:28
美国5a-付费节点,1,15004,14.65KB,2024-04-21 21:50:55
新加坡3a-付费节点,1,59319,57.93KB,2024-04-21 21:51:29
新加坡3a-付费节点,1,36224,35.38KB,2024-04-21 21:52:29
新加坡3a-付费节点,1,19445,18.99KB,2024-04-21 21:53:29
新加坡3a-付费节点,1,19414,18.96KB,2024-04-21 21:54:30
新加坡3a-付费节点,1,32443,31.68KB,2024-04-21 21:55:30
新加坡3a-付费节点,1,426104,416.12KB,2024-04-21 21:56:30
新加坡3a-付费节点,1,17679667,16.86MB,2024-04-21 21:57:31
新加坡3a-付费节点,1,50582,49.4KB,2024-04-21 21:58:31
新加坡3a-付费节点,1,37861,36.97KB,2024-04-21 21:59:31
新加坡3a-付费节点,1,6769223,6.46MB,2024-04-21 22:00:32
新加坡3a-付费节点,1,18782807,17.91MB,2024-04-21 22:01:32
新加坡3a-付费节点,1,18149,17.72KB,2024-04-21 22:02:33
新加坡3a-付费节点,1,9402649,8.97MB,2024-04-21 22:03:33
新加坡3a-付费节点,1,11342775,10.82MB,2024-04-21 22:04:33
新加坡3a-付费节点,1,14586672,13.91MB,2024-04-21 22:05:34
新加坡3a-付费节点,1,6556930,6.25MB,2024-04-21 22:06:34
新加坡3a-付费节点,1,8915446,8.5MB,2024-04-21 22:07:34
新加坡3a-付费节点,1,7468315,7.12MB,2024-04-21 22:08:35
新加坡3a-付费节点,1,4927663,4.7MB,2024-04-21 22:09:35
新加坡3a-付费节点,1,6538952,6.24MB,2024-04-21 22:10:36
新加坡3a-付费节点,1,43992,42.96KB,2024-04-21 22:11:36
新加坡3a-付费节点,1,348815,340.64KB,2024-04-21 22:12:36
新加坡3a-付费节点,1,16636,16.25KB,2024-04-21 22:13:37
新加坡3a-付费节点,1,5647,5.51KB,2024-04-21 22:14:37
新加坡3a-付费节点,1,13184,12.88KB,2024-04-21 22:16:38
新加坡3a-付费节点,1,70815,69.16KB,2024-04-21 22:19:39
新加坡3a-付费节点,1,12152,11.87KB,2024-04-21 22:20:39
新加坡3a-付费节点,1,10756,10.5KB,2024-04-21 22:21:40
新加坡3a-付费节点,1,1528,1.49KB,2024-04-21 22:22:40
新加坡3a-付费节点,1,1525,1.49KB,2024-04-21 22:23:41
新加坡3a-付费节点,1,1644,1.61KB,2024-04-21 22:24:41
新加坡3a-付费节点,1,6199,6.05KB,2024-04-21 22:25:42
新加坡3a-付费节点,1,11857,11.58KB,2024-04-21 22:26:42
新加坡3a-付费节点,1,1528,1.49KB,2024-04-21 22:27:43
新加坡3a-付费节点,1,1648,1.61KB,2024-04-21 22:28:43
新加坡3a-付费节点,1,12180,11.89KB,2024-04-21 22:29:44
新加坡3a-付费节点,1,76091,74.31KB,2024-04-21 22:30:44
新加坡3a-付费节点,1,25539,24.94KB,2024-04-21 22:31:44
新加坡3a-付费节点,1,24649,24.07KB,2024-04-21 22:32:45
新加坡3a-付费节点,1,1648,1.61KB,2024-04-21 22:33:45
新加坡3a-付费节点,1,1557,1.52KB,2024-04-21 22:34:46
新加坡3a-付费节点,1,1534,1.5KB,2024-04-21 22:35:46
新加坡3a-付费节点,1,12341,12.05KB,2024-04-21 22:36:47
新加坡3a-付费节点,1,1526,1.49KB,2024-04-21 22:37:47
新加坡3a-付费节点,1,1656,1.62KB,2024-04-21 22:38:47
新加坡3a-付费节点,1,1530,1.49KB,2024-04-21 22:39:48
新加坡3a-付费节点,1,1561,1.52KB,2024-04-21 22:40:48
新加坡3a-付费节点,1,10757,10.5KB,2024-04-21 22:41:49
新加坡3a-付费节点,1,1644,1.61KB,2024-04-21 22:42:49
新加坡3a-付费节点,1,1531,1.5KB,2024-04-21 22:43:49
新加坡3a-付费节点,1,1556,1.52KB,2024-04-21 22:44:50
新加坡3a-付费节点,1,14134,13.8KB,2024-04-21 22:45:50
新加坡3a-付费节点,1,1511,1.48KB,2024-04-21 22:46:50
新加坡3a-付费节点,1,25623,25.02KB,2024-04-21 22:47:51
美国5a-付费节点,1,280784,274.2KB,2024-04-21 22:48:26
新加坡3a-付费节点,1,1525,1.49KB,2024-04-21 22:48:51
新加坡3a-付费节点,1,1536,1.5KB,2024-04-21 22:49:51
新加坡3a-付费节点,1,1530,1.49KB,2024-04-21 22:50:52
美国5a-付费节点,1,325784,318.15KB,2024-04-21 22:51:27
新加坡3a-付费节点,1,11031,10.77KB,2024-04-21 22:51:52
新加坡3a-付费节点,1,112826,110.18KB,2024-04-21 22:52:53
新加坡3a-付费节点,1,12915,12.61KB,2024-04-21 22:53:53
美国5a-付费节点,1,1597901,1.52MB,2024-04-21 22:54:29
新加坡3a-付费节点,1,25750,25.15KB,2024-04-21 22:54:54
新加坡3a-付费节点,1,6205,6.06KB,2024-04-21 22:55:54
新加坡3a-付费节点,1,1645,1.61KB,2024-04-21 22:56:54
美国5a-付费节点,1,437312,427.06KB,2024-04-21 22:57:31
新加坡3a-付费节点,1,1528,1.49KB,2024-04-21 22:57:55
新加坡3a-付费节点,1,1533,1.5KB,2024-04-21 22:58:55
新加坡3a-付费节点,1,12117,11.83KB,2024-04-21 22:59:56
美国5a-付费节点,1,7015,6.85KB,2024-04-21 23:00:34
新加坡3a-付费节点,1,34287,33.48KB,2024-04-21 23:00:56
新加坡3a-付费节点,1,34893,34.08KB,2024-04-21 23:01:56
新加坡3a-付费节点,1,25836,25.23KB,2024-04-21 23:02:57
美国5a-付费节点,1,5101893,4.87MB,2024-04-21 23:03:37
新加坡3a-付费节点,1,1979,1.93KB,2024-04-21 23:03:57
新加坡3a-付费节点,1,1535,1.5KB,2024-04-21 23:04:58
新加坡3a-付费节点,1,1647,1.61KB,2024-04-21 23:05:58
美国5a-付费节点,1,54008,52.74KB,2024-04-21 23:06:39
新加坡3a-付费节点,1,1537,1.5KB,2024-04-21 23:06:59
新加坡3a-付费节点,1,12264,11.98KB,2024-04-21 23:07:59
美国5a-付费节点,1,5304,5.18KB,2024-04-21 23:09:41
美国5a-付费节点,1,7991,7.8KB,2024-04-21 23:12:44
美国5a-付费节点,1,10689,10.44KB,2024-04-21 23:15:45
美国5a-付费节点,1,140188,136.9KB,2024-04-21 23:18:47
美国5a-付费节点,1,276,276B,2024-04-21 23:21:48
美国5a-付费节点,1,7015,6.85KB,2024-04-21 23:27:51
美国5a-付费节点,1,5438,5.31KB,2024-04-21 23:30:53
美国5a-付费节点,1,517,517B,2024-04-21 23:36:57
美国5a-付费节点,1,7383,7.21KB,2024-04-21 23:39:58
美国5a-付费节点,1,83081,81.13KB,2024-04-21 23:49:02
美国5a-付费节点,1,624028,609.4KB,2024-04-21 23:52:04
美国5a-付费节点,1,42247,41.26KB,2024-04-22 00:07:11
美国5a-付费节点,1,172889,168.84KB,2024-04-22 00:10:13
美国5a-付费节点,1,64114,62.61KB,2024-04-22 00:49:31
美国5a-付费节点,1,247880,242.07KB,2024-04-22 00:52:32
美国5a-付费节点,1,168826,164.87KB,2024-04-22 01:10:40
美国5a-付费节点,1,36302,35.45KB,2024-04-22 01:13:41
美国5a-付费节点,1,413647,403.95KB,2024-04-22 01:52:58
美国5a-付费节点,1,33410,32.63KB,2024-04-22 01:56:00
美国5a-付费节点,1,135168,132KB,2024-04-22 03:20:36
美国5a-付费节点,1,55685,54.38KB,2024-04-22 03:35:42
美国5a-付费节点,1,195902,191.31KB,2024-04-22 03:38:43
美国5a-付费节点,1,45457,44.39KB,2024-04-22 03:41:44
美国5a-付费节点,1,287533,280.79KB,2024-04-22 03:56:50
美国5a-付费节点,1,108807,106.26KB,2024-04-22 05:57:40
美国5a-付费节点,1,266549,260.3KB,2024-04-22 06:00:41
美国5a-付费节点,1,66757,65.19KB,2024-04-22 06:03:43
美国5a-付费节点,1,73268,71.55KB,2024-04-22 08:01:31
美国5a-付费节点,1,284912,278.23KB,2024-04-22 08:04:32
台湾2a-付费节点,1,309726,302.47KB,2024-04-22 09:01:17
台湾2a-付费节点,1,5448945,5.2MB,2024-04-22 09:04:19
美国5a-付费节点,1,349641,341.45KB,2024-04-22 09:05:01
台湾2a-付费节点,1,39258,38.34KB,2024-04-22 09:07:20
台湾2a-付费节点,1,2718141,2.59MB,2024-04-22 09:10:24
台湾2a-付费节点,1,860452,840.29KB,2024-04-22 09:13:27
台湾2a-付费节点,1,26426085,25.2MB,2024-04-22 09:16:28
台湾2a-付费节点,1,11549871,11.01MB,2024-04-22 09:19:30
台湾2a-付费节点,1,22633523,21.59MB,2024-04-22 09:22:32
台湾2a-付费节点,1,40338355,38.47MB,2024-04-22 09:25:34
台湾2a-付费节点,1,24846,24.26KB,2024-04-22 09:28:35
台湾2a-付费节点,1,54385,53.11KB,2024-04-22 09:31:37
台湾2a-付费节点,1,59925,58.52KB,2024-04-22 09:34:39
台湾2a-付费节点,1,69159,67.54KB,2024-04-22 09:37:40
台湾2a-付费节点,1,133647,130.51KB,2024-04-22 09:40:42
台湾2a-付费节点,1,29632,28.94KB,2024-04-22 09:43:44
台湾2a-付费节点,1,24853,24.27KB,2024-04-22 09:46:46
台湾2a-付费节点,1,68062,66.47KB,2024-04-22 09:49:47
台湾2a-付费节点,1,78734,76.89KB,2024-04-22 09:52:49
台湾2a-付费节点,1,29962,29.26KB,2024-04-22 09:55:51
台湾2a-付费节点,1,128476,125.46KB,2024-04-22 09:58:53
台湾2a-付费节点,1,53392,52.14KB,2024-04-22 10:01:55
台湾2a-付费节点,1,116370,113.64KB,2024-04-22 10:04:57
印度a-付费节点,1,852,852B,2024-04-22 10:07:55
台湾2a-付费节点,1,39195,38.28KB,2024-04-22 10:07:58
土耳其b-付费节点,1,852,852B,2024-04-22 10:08:00
阿联酋a-付费节点,1,852,852B,2024-04-22 10:08:15
不限流量-美国1-付费节点,0,426,0B,2024-04-22 10:08:19
日本1a-付费节点,1,852,852B,2024-04-22 10:08:21
不限流量-美国2-付费节点,0,426,0B,2024-04-22 10:08:22
泰国a-付费节点,1,852,852B,2024-04-22 10:08:25
澳洲a-付费节点,1,852,852B,2024-04-22 10:08:28
不限流量-美国3-付费节点,0,426,0B,2024-04-22 10:08:31
美国5a-付费节点,1,2524021,2.41MB,2024-04-22 10:08:36
新加坡3a-付费节点,1,852,852B,2024-04-22 10:08:37
不限流量-法国3-付费节点,0,426,0B,2024-04-22 10:08:41
美国3a-付费节点,1,426,426B,2024-04-22 10:08:49
香港g1a-付费节点,1,1704,1.66KB,2024-04-22 10:08:52
日本2a-付费节点,1,852,852B,2024-04-22 10:09:09
不限流量-法国1-付费节点,0,426,0B,2024-04-22 10:09:14
不限流量-日本1-付费节点,0,426,0B,2024-04-22 10:09:40
俄国a-付费节点,1,852,852B,2024-04-22 10:09:59
日本7a-付费节点,1,852,852B,2024-04-22 10:10:09
bt下载a-付费节点,1,852,852B,2024-04-22 10:10:10
日本4a-付费节点,1,852,852B,2024-04-22 10:10:16
日本6b-付费节点,1,852,852B,2024-04-22 10:10:20
意大利a-付费节点,1,852,852B,2024-04-22 10:10:23
新加坡1b-付费节点,1,852,852B,2024-04-22 10:10:26
香港g2a-付费节点,1,852,852B,2024-04-22 10:10:27
印尼a-付费节点,1,852,852B,2024-04-22 10:10:28
台湾3a-付费节点,1,852,852B,2024-04-22 10:10:33
越南a-付费节点,1,852,852B,2024-04-22 10:10:41
法国2a-付费节点,1,426,426B,2024-04-22 10:10:46
台湾2a-付费节点,1,73193,71.48KB,2024-04-22 10:11:00
不限流量-法国2-付费节点,0,426,0B,2024-04-22 10:11:05
美国5a-付费节点,1,1202452,1.15MB,2024-04-22 10:11:37
法国2a-付费节点,1,852,852B,2024-04-22 10:13:48
台湾2a-付费节点,1,29879,29.18KB,2024-04-22 10:14:02
美国5a-付费节点,1,393132,383.92KB,2024-04-22 10:14:39
台湾2a-付费节点,1,54562,53.28KB,2024-04-22 10:17:04
美国5a-付费节点,1,174687,170.59KB,2024-04-22 10:17:40
不限流量-法国3-付费节点,0,426,0B,2024-04-22 10:17:46
美国3a-付费节点,1,426,426B,2024-04-22 10:17:54
香港g1a-付费节点,1,1704,1.66KB,2024-04-22 10:17:56
日本2a-付费节点,1,852,852B,2024-04-22 10:18:13
不限流量-法国2-付费节点,0,426,0B,2024-04-22 10:18:16
不限流量-法国1-付费节点,0,426,0B,2024-04-22 10:18:18
日本1a-付费节点,1,852,852B,2024-04-22 10:18:28
阿联酋a-付费节点,1,852,852B,2024-04-22 10:18:31
新加坡3a-付费节点,1,852,852B,2024-04-22 10:18:41
不限流量-日本1-付费节点,0,426,0B,2024-04-22 10:18:43
俄国a-付费节点,1,852,852B,2024-04-22 10:19:02
日本7a-付费节点,1,852,852B,2024-04-22 10:19:13
bt下载a-付费节点,1,852,852B,2024-04-22 10:19:17
日本4a-付费节点,1,852,852B,2024-04-22 10:19:19
日本6b-付费节点,1,852,852B,2024-04-22 10:19:23
意大利a-付费节点,1,852,852B,2024-04-22 10:19:27
新加坡1b-付费节点,1,852,852B,2024-04-22 10:19:28
印尼a-付费节点,1,852,852B,2024-04-22 10:19:30
香港g2a-付费节点,1,852,852B,2024-04-22 10:19:30
台湾3a-付费节点,1,639,639B,2024-04-22 10:19:39
越南a-付费节点,1,852,852B,2024-04-22 10:19:48
法国2a-付费节点,1,852,852B,2024-04-22 10:19:51
印度a-付费节点,1,852,852B,2024-04-22 10:19:59
台湾2a-付费节点,1,1880309,1.79MB,2024-04-22 10:20:06
土耳其b-付费节点,1,852,852B,2024-04-22 10:20:08
不限流量-美国1-付费节点,0,426,0B,2024-04-22 10:20:25
不限流量-美国2-付费节点,0,426,0B,2024-04-22 10:20:27
泰国a-付费节点,1,852,852B,2024-04-22 10:20:29
澳洲a-付费节点,1,852,852B,2024-04-22 10:20:35
不限流量-美国3-付费节点,0,426,0B,2024-04-22 10:20:37
美国5a-付费节点,1,8434882,8.04MB,2024-04-22 10:20:42
台湾3a-付费节点,1,426,426B,2024-04-22 10:22:41
台湾2a-付费节点,1,254118,248.16KB,2024-04-22 10:23:08
美国5a-付费节点,1,53786784,51.3MB,2024-04-22 10:23:44
台湾2a-付费节点,1,39365,38.44KB,2024-04-22 10:26:09
美国5a-付费节点,1,2069309,1.97MB,2024-04-22 10:26:46
台湾2a-付费节点,1,24766,24.19KB,2024-04-22 10:29:11
美国5a-付费节点,1,30144122,28.75MB,2024-04-22 10:29:47
台湾2a-付费节点,1,167134,163.22KB,2024-04-22 10:32:13
美国5a-付费节点,1,4296526,4.1MB,2024-04-22 10:32:49
台湾2a-付费节点,1,24797,24.22KB,2024-04-22 10:35:15
美国5a-付费节点,1,1496605,1.43MB,2024-04-22 10:35:51
台湾2a-付费节点,1,32963,32.19KB,2024-04-22 10:38:17
美国5a-付费节点,1,1917351,1.83MB,2024-04-22 10:38:52
台湾2a-付费节点,1,66658,65.1KB,2024-04-22 10:41:18
美国5a-付费节点,1,1308313,1.25MB,2024-04-22 10:41:54
台湾2a-付费节点,1,29913,29.21KB,2024-04-22 10:44:20
美国5a-付费节点,1,407385,397.84KB,2024-04-22 10:44:55
台湾2a-付费节点,1,219509,214.36KB,2024-04-22 10:47:22
台湾2a-付费节点,1,46794,45.7KB,2024-04-22 10:50:24
台湾2a-付费节点,1,95475,93.24KB,2024-04-22 10:53:26
日本7a-付费节点,1,426,426B,2024-04-22 10:55:25
印尼a-付费节点,1,852,852B,2024-04-22 10:55:37
新加坡1b-付费节点,1,426,426B,2024-04-22 10:55:38
bt下载a-付费节点,1,852,852B,2024-04-22 10:55:44
意大利a-付费节点,1,639,639B,2024-04-22 10:55:50
台湾3a-付费节点,1,852,852B,2024-04-22 10:56:07
印度a-付费节点,1,852,852B,2024-04-22 10:56:14
台湾2a-付费节点,1,11542960,11.01MB,2024-04-22 10:56:28
土耳其b-付费节点,1,852,852B,2024-04-22 10:56:34
不限流量-美国1-付费节点,0,426,0B,2024-04-22 10:56:40
不限流量-美国2-付费节点,0,426,0B,2024-04-22 10:56:41
不限流量-美国3-付费节点,0,426,0B,2024-04-22 10:56:53
不限流量-法国3-付费节点,0,426,0B,2024-04-22 10:57:01
美国5a-付费节点,1,539636,526.99KB,2024-04-22 10:57:01
不限流量-法国1-付费节点,0,426,0B,2024-04-22 10:57:36
不限流量-法国2-付费节点,0,426,0B,2024-04-22 10:57:51
日本1a-付费节点,1,852,852B,2024-04-22 10:57:53
新加坡3a-付费节点,1,852,852B,2024-04-22 10:57:56
不限流量-日本1-付费节点,0,213,0B,2024-04-22 10:57:57
俄国a-付费节点,1,852,852B,2024-04-22 10:58:16
日本7a-付费节点,1,426,426B,2024-04-22 10:58:26
日本4a-付费节点,1,852,852B,2024-04-22 10:58:33
阿联酋a-付费节点,1,852,852B,2024-04-22 10:58:34
日本6b-付费节点,1,852,852B,2024-04-22 10:58:38
香港g2a-付费节点,1,852,852B,2024-04-22 10:58:45
法国2a-付费节点,1,852,852B,2024-04-22 10:59:15
台湾2a-付费节点,1,34616213,33.01MB,2024-04-22 10:59:30
越南a-付费节点,1,852,852B,2024-04-22 10:59:31
泰国a-付费节点,1,852,852B,2024-04-22 10:59:40
澳洲a-付费节点,1,852,852B,2024-04-22 10:59:53
香港t1a-付费节点,1,426,426B,2024-04-22 11:00:02
美国5a-付费节点,1,8811437,8.4MB,2024-04-22 11:00:03
香港g1a-付费节点,1,1278,1.25KB,2024-04-22 11:00:15
美国3a-付费节点,1,426,426B,2024-04-22 11:00:19
日本2a-付费节点,1,852,852B,2024-04-22 11:00:31
不限流量-日本1-付费节点,0,426,0B,2024-04-22 11:00:58
新加坡1b-付费节点,1,852,852B,2024-04-22 11:01:39
意大利a-付费节点,1,426,426B,2024-04-22 11:01:53
台湾2a-付费节点,1,30299998,28.9MB,2024-04-22 11:02:32
美国5a-付费节点,1,1192556,1.14MB,2024-04-22 11:03:05
台湾2a-付费节点,1,18981455,18.1MB,2024-04-22 11:05:33
美国5a-付费节点,1,1772290,1.69MB,2024-04-22 11:06:06
台湾2a-付费节点,1,19248422,18.36MB,2024-04-22 11:08:35
美国5a-付费节点,1,1149369,1.1MB,2024-04-22 11:09:08
台湾2a-付费节点,1,19887280,18.97MB,2024-04-22 11:11:37
美国5a-付费节点,1,1071453,1.02MB,2024-04-22 11:12:10
台湾2a-付费节点,1,8892342,8.48MB,2024-04-22 11:14:39
美国5a-付费节点,1,1056486,1.01MB,2024-04-22 11:15:11
台湾2a-付费节点,1,105091,102.63KB,2024-04-22 11:17:40
美国5a-付费节点,1,1310789,1.25MB,2024-04-22 11:18:14
台湾2a-付费节点,1,68652,67.04KB,2024-04-22 11:20:42
美国5a-付费节点,1,211961,206.99KB,2024-04-22 11:21:15
美国3a-付费节点,1,68432,66.83KB,2024-04-22 11:21:31
台湾2a-付费节点,1,42948,41.94KB,2024-04-22 11:23:44
美国5a-付费节点,1,57191,55.85KB,2024-04-22 11:24:18
台湾2a-付费节点,1,29935,29.23KB,2024-04-22 11:26:46
美国5a-付费节点,1,1191603,1.14MB,2024-04-22 11:27:21
台湾2a-付费节点,1,147177,143.73KB,2024-04-22 11:29:48
美国5a-付费节点,1,1186644,1.13MB,2024-04-22 11:30:23
台湾2a-付费节点,1,51880,50.66KB,2024-04-22 11:32:51
美国5a-付费节点,1,999574,976.15KB,2024-04-22 11:33:27
台湾2a-付费节点,1,85688,83.68KB,2024-04-22 11:35:53
美国5a-付费节点,1,1137653,1.08MB,2024-04-22 11:36:29
台湾2a-付费节点,1,72427,70.73KB,2024-04-22 11:38:55
美国5a-付费节点,1,227371,222.04KB,2024-04-22 11:39:31
台湾2a-付费节点,1,32615,31.85KB,2024-04-22 11:41:58
台湾2a-付费节点,1,51281,50.08KB,2024-04-22 11:45:00
台湾2a-付费节点,1,37984,37.09KB,2024-04-22 11:48:03
台湾2a-付费节点,1,78324,76.49KB,2024-04-22 11:51:05
台湾2a-付费节点,1,29580,28.89KB,2024-04-22 11:54:07
美国5a-付费节点,1,1398356,1.33MB,2024-04-22 11:54:40
台湾2a-付费节点,1,55623,54.32KB,2024-04-22 11:57:09
美国5a-付费节点,1,1206025,1.15MB,2024-04-22 11:57:41
台湾2a-付费节点,1,64107,62.6KB,2024-04-22 12:00:12
美国5a-付费节点,1,1166902,1.11MB,2024-04-22 12:00:43
美国5a-付费节点,1,3375267,3.22MB,2024-04-22 12:03:45
美国5a-付费节点,1,1067028,1.02MB,2024-04-22 12:06:47
美国5a-付费节点,1,1139738,1.09MB,2024-04-22 12:09:48
美国5a-付费节点,1,584388,570.69KB,2024-04-22 12:12:50
台湾2a-付费节点,1,124899,121.97KB,2024-04-22 13:40:34
印度a-付费节点,1,852,852B,2024-04-22 13:42:13
泰国a-付费节点,1,852,852B,2024-04-22 13:42:22
意大利a-付费节点,1,852,852B,2024-04-22 13:42:28
日本1a-付费节点,1,852,852B,2024-04-22 13:42:40
法国2a-付费节点,1,852,852B,2024-04-22 13:42:42
阿联酋a-付费节点,1,852,852B,2024-04-22 13:42:44
bt下载a-付费节点,1,852,852B,2024-04-22 13:42:44
不限流量-美国2-付费节点,0,426,0B,2024-04-22 13:42:46
不限流量-美国1-付费节点,0,426,0B,2024-04-22 13:42:49
新加坡3a-付费节点,1,852,852B,2024-04-22 13:42:59
不限流量-美国3-付费节点,0,426,0B,2024-04-22 13:42:59
香港t1a-付费节点,1,426,426B,2024-04-22 13:43:03
台湾3a-付费节点,1,852,852B,2024-04-22 13:43:13
澳洲a-付费节点,1,852,852B,2024-04-22 13:43:15
不限流量-法国3-付费节点,0,426,0B,2024-04-22 13:43:17
土耳其b-付费节点,1,852,852B,2024-04-22 13:43:18
香港g1a-付费节点,1,1278,1.25KB,2024-04-22 13:43:26
台湾2a-付费节点,1,43413,42.4KB,2024-04-22 13:43:37
日本2a-付费节点,1,852,852B,2024-04-22 13:43:37
美国5a-付费节点,1,2924834,2.79MB,2024-04-22 13:43:39
美国3a-付费节点,1,426,426B,2024-04-22 13:43:56
不限流量-法国1-付费节点,0,426,0B,2024-04-22 13:43:59
不限流量-日本1-付费节点,0,426,0B,2024-04-22 13:44:01
印尼a-付费节点,1,852,852B,2024-04-22 13:44:11
新加坡1b-付费节点,1,852,852B,2024-04-22 13:44:18
日本7a-付费节点,1,852,852B,2024-04-22 13:44:18
日本4a-付费节点,1,852,852B,2024-04-22 13:44:33
不限流量-法国2-付费节点,0,426,0B,2024-04-22 13:44:34
日本6b-付费节点,1,852,852B,2024-04-22 13:44:39
香港g2a-付费节点,1,852,852B,2024-04-22 13:44:44
越南a-付费节点,1,852,852B,2024-04-22 13:44:51
俄国a-付费节点,1,852,852B,2024-04-22 13:44:53
台湾2a-付费节点,1,34902,34.08KB,2024-04-22 13:46:39
美国5a-付费节点,1,1417483,1.35MB,2024-04-22 13:46:41
台湾2a-付费节点,1,24853,24.27KB,2024-04-22 13:49:41
美国5a-付费节点,1,1277551,1.22MB,2024-04-22 13:49:42
台湾2a-付费节点,1,69698,68.06KB,2024-04-22 13:52:43
美国5a-付费节点,1,3183107,3.04MB,2024-04-22 13:52:44
美国5a-付费节点,1,2772566,2.64MB,2024-04-22 13:55:45
台湾2a-付费节点,1,51512,50.3KB,2024-04-22 13:55:45
美国5a-付费节点,1,3277999,3.13MB,2024-04-22 13:58:47
台湾2a-付费节点,1,41909,40.93KB,2024-04-22 13:58:48
美国5a-付费节点,1,2760432,2.63MB,2024-04-22 14:01:49
台湾2a-付费节点,1,29862,29.16KB,2024-04-22 14:01:50
美国5a-付费节点,1,2043852,1.95MB,2024-04-22 14:04:50
台湾2a-付费节点,1,24764,24.18KB,2024-04-22 14:04:53
美国5a-付费节点,1,1563563,1.49MB,2024-04-22 14:07:52
台湾2a-付费节点,1,24879,24.3KB,2024-04-22 14:07:55
美国5a-付费节点,1,3367355,3.21MB,2024-04-22 14:10:53
台湾2a-付费节点,1,33912,33.12KB,2024-04-22 14:10:57
美国5a-付费节点,1,3764253,3.59MB,2024-04-22 14:13:55
台湾2a-付费节点,1,33719,32.93KB,2024-04-22 14:14:00
美国5a-付费节点,1,2557743,2.44MB,2024-04-22 14:16:57
台湾2a-付费节点,1,37962,37.07KB,2024-04-22 14:17:02
美国5a-付费节点,1,2892493,2.76MB,2024-04-22 14:19:58
台湾2a-付费节点,1,56082,54.77KB,2024-04-22 14:20:05
美国5a-付费节点,1,3471634,3.31MB,2024-04-22 14:23:00
台湾2a-付费节点,1,42226,41.24KB,2024-04-22 14:23:07
美国5a-付费节点,1,777728,759.5KB,2024-04-22 14:26:01
台湾2a-付费节点,1,29921,29.22KB,2024-04-22 14:26:10
台湾2a-付费节点,1,34736,33.92KB,2024-04-22 14:29:12
台湾2a-付费节点,1,24822,24.24KB,2024-04-22 14:32:15
台湾2a-付费节点,1,40412,39.46KB,2024-04-22 14:35:19
台湾2a-付费节点,1,166116,162.22KB,2024-04-22 14:38:22
台湾2a-付费节点,1,43184,42.17KB,2024-04-22 14:41:29
不限流量-美国2-付费节点,0,426,0B,2024-04-22 14:43:13
不限流量-美国1-付费节点,0,426,0B,2024-04-22 14:43:18
法国2a-付费节点,1,852,852B,2024-04-22 14:43:21
不限流量-美国3-付费节点,0,426,0B,2024-04-22 14:43:23
日本1a-付费节点,1,852,852B,2024-04-22 14:43:23
阿联酋a-付费节点,1,852,852B,2024-04-22 14:43:23
新加坡3a-付费节点,1,852,852B,2024-04-22 14:43:24
bt下载a-付费节点,1,852,852B,2024-04-22 14:43:29
不限流量-法国3-付费节点,0,426,0B,2024-04-22 14:43:46
澳洲a-付费节点,1,852,852B,2024-04-22 14:43:50
台湾3a-付费节点,1,852,852B,2024-04-22 14:43:53
香港g1a-付费节点,1,1278,1.25KB,2024-04-22 14:43:54
香港t1a-付费节点,1,426,426B,2024-04-22 14:43:55
土耳其b-付费节点,1,852,852B,2024-04-22 14:44:02
日本2a-付费节点,1,852,852B,2024-04-22 14:44:10
美国5a-付费节点,1,897887,876.84KB,2024-04-22 14:44:15
印尼a-付费节点,1,852,852B,2024-04-22 14:44:25
不限流量-法国1-付费节点,0,426,0B,2024-04-22 14:44:26
不限流量-日本1-付费节点,0,426,0B,2024-04-22 14:44:32
美国3a-付费节点,1,426,426B,2024-04-22 14:44:34
新加坡1b-付费节点,1,852,852B,2024-04-22 14:44:35
台湾2a-付费节点,1,24789,24.21KB,2024-04-22 14:44:38
日本7a-付费节点,1,852,852B,2024-04-22 14:44:39
日本4a-付费节点,1,852,852B,2024-04-22 14:44:59
日本6b-付费节点,1,852,852B,2024-04-22 14:45:04
香港g2a-付费节点,1,852,852B,2024-04-22 14:45:07
俄国a-付费节点,1,852,852B,2024-04-22 14:45:31
印度a-付费节点,1,852,852B,2024-04-22 14:45:37
泰国a-付费节点,1,852,852B,2024-04-22 14:45:39
意大利a-付费节点,1,852,852B,2024-04-22 14:46:01
越南a-付费节点,1,852,852B,2024-04-22 14:46:07
不限流量-法国2-付费节点,0,426,0B,2024-04-22 14:46:19
美国5a-付费节点,1,1805008,1.72MB,2024-04-22 14:47:17
台湾2a-付费节点,1,29521,28.83KB,2024-04-22 14:47:41
美国5a-付费节点,1,868865,848.5KB,2024-04-22 14:50:19
台湾2a-付费节点,1,24908,24.32KB,2024-04-22 14:50:44
美国5a-付费节点,1,1225022,1.17MB,2024-04-22 14:53:22
台湾2a-付费节点,1,39761,38.83KB,2024-04-22 14:53:47
美国5a-付费节点,1,1515123,1.44MB,2024-04-22 14:56:25
台湾2a-付费节点,1,87908,85.85KB,2024-04-22 14:56:49
美国5a-付费节点,1,1454424,1.39MB,2024-04-22 14:59:27
台湾2a-付费节点,1,24877,24.29KB,2024-04-22 14:59:52
美国5a-付费节点,1,1252998,1.19MB,2024-04-22 15:02:29
台湾2a-付费节点,1,24797,24.22KB,2024-04-22 15:02:54
美国5a-付费节点,1,1407237,1.34MB,2024-04-22 15:05:31
台湾2a-付费节点,1,1968880,1.88MB,2024-04-22 15:05:57
澳洲a-付费节点,1,639,639B,2024-04-22 15:08:04
土耳其b-付费节点,1,852,852B,2024-04-22 15:08:18
日本2a-付费节点,1,852,852B,2024-04-22 15:08:23
印尼a-付费节点,1,852,852B,2024-04-22 15:08:30
美国5a-付费节点,1,1308952,1.25MB,2024-04-22 15:08:33
新加坡3a-付费节点,1,852,852B,2024-04-22 15:08:35
不限流量-法国1-付费节点,0,426,0B,2024-04-22 15:08:39
日本1a-付费节点,1,852,852B,2024-04-22 15:08:41
新加坡1b-付费节点,1,852,852B,2024-04-22 15:08:42
不限流量-日本1-付费节点,0,426,0B,2024-04-22 15:08:42
日本7a-付费节点,1,852,852B,2024-04-22 15:08:47
美国3a-付费节点,1,426,426B,2024-04-22 15:08:50
台湾2a-付费节点,1,21254914,20.27MB,2024-04-22 15:08:59
阿联酋a-付费节点,1,852,852B,2024-04-22 15:09:03
日本4a-付费节点,1,852,852B,2024-04-22 15:09:10
日本6b-付费节点,1,852,852B,2024-04-22 15:09:14
香港g2a-付费节点,1,852,852B,2024-04-22 15:09:17
印度a-付费节点,1,852,852B,2024-04-22 15:09:44
泰国a-付费节点,1,852,852B,2024-04-22 15:09:46
俄国a-付费节点,1,852,852B,2024-04-22 15:09:49
意大利a-付费节点,1,852,852B,2024-04-22 15:10:18
不限流量-美国2-付费节点,0,426,0B,2024-04-22 15:10:30
越南a-付费节点,1,852,852B,2024-04-22 15:10:31
不限流量-美国1-付费节点,0,426,0B,2024-04-22 15:10:31
不限流量-美国3-付费节点,0,426,0B,2024-04-22 15:10:35
法国2a-付费节点,1,852,852B,2024-04-22 15:10:39
bt下载a-付费节点,1,852,852B,2024-04-22 15:10:45
不限流量-法国3-付费节点,0,426,0B,2024-04-22 15:10:57
香港g1a-付费节点,1,1704,1.66KB,2024-04-22 15:11:06
台湾3a-付费节点,1,852,852B,2024-04-22 15:11:12
美国5a-付费节点,1,3387364,3.23MB,2024-04-22 15:11:35
不限流量-法国2-付费节点,0,426,0B,2024-04-22 15:11:47
台湾2a-付费节点,1,20099910,19.17MB,2024-04-22 15:12:02
美国5a-付费节点,1,1553709,1.48MB,2024-04-22 15:14:36
台湾2a-付费节点,1,18409350,17.56MB,2024-04-22 15:15:04
美国5a-付费节点,1,3246596,3.1MB,2024-04-22 15:17:38
台湾2a-付费节点,1,19324185,18.43MB,2024-04-22 15:18:07
美国5a-付费节点,1,1083001,1.03MB,2024-04-22 15:20:40
台湾2a-付费节点,1,20799268,19.84MB,2024-04-22 15:21:09
美国5a-付费节点,1,1596712,1.52MB,2024-04-22 15:23:41
台湾2a-付费节点,1,19587210,18.68MB,2024-04-22 15:24:12
日本1a-付费节点,1,852,852B,2024-04-22 15:25:53
bt下载a-付费节点,1,852,852B,2024-04-22 15:25:55
不限流量-法国3-付费节点,0,426,0B,2024-04-22 15:26:04
香港g1a-付费节点,1,1704,1.66KB,2024-04-22 15:26:13
澳洲a-付费节点,1,852,852B,2024-04-22 15:26:14
不限流量-法国2-付费节点,0,426,0B,2024-04-22 15:26:20
台湾3a-付费节点,1,852,852B,2024-04-22 15:26:23
阿联酋a-付费节点,1,852,852B,2024-04-22 15:26:31
土耳其b-付费节点,1,852,852B,2024-04-22 15:26:31
日本2a-付费节点,1,852,852B,2024-04-22 15:26:31
印尼a-付费节点,1,1065,1.04KB,2024-04-22 15:26:34
新加坡3a-付费节点,1,852,852B,2024-04-22 15:26:42
美国5a-付费节点,1,1244516,1.19MB,2024-04-22 15:26:43
新加坡1b-付费节点,1,1278,1.25KB,2024-04-22 15:26:47
不限流量-法国1-付费节点,0,426,0B,2024-04-22 15:26:48
不限流量-日本1-付费节点,0,426,0B,2024-04-22 15:26:49
日本7a-付费节点,1,852,852B,2024-04-22 15:26:54
美国3a-付费节点,1,426,426B,2024-04-22 15:27:01
台湾2a-付费节点,1,19211055,18.32MB,2024-04-22 15:27:14
日本4a-付费节点,1,852,852B,2024-04-22 15:27:17
日本6b-付费节点,1,852,852B,2024-04-22 15:27:22
香港g2a-付费节点,1,852,852B,2024-04-22 15:27:24
印度a-付费节点,1,852,852B,2024-04-22 15:27:51
泰国a-付费节点,1,852,852B,2024-04-22 15:27:52
俄国a-付费节点,1,1704,1.66KB,2024-04-22 15:28:00
意大利a-付费节点,1,852,852B,2024-04-22 15:28:31
不限流量-美国2-付费节点,0,639,0B,2024-04-22 15:28:38
不限流量-美国1-付费节点,0,639,0B,2024-04-22 15:28:41
越南a-付费节点,1,852,852B,2024-04-22 15:28:46
法国2a-付费节点,1,852,852B,2024-04-22 15:28:51
台湾2a-付费节点,1,21352147,20.36MB,2024-04-22 15:30:16
台湾2a-付费节点,1,19413217,18.51MB,2024-04-22 15:33:19
台湾2a-付费节点,1,20141551,19.21MB,2024-04-22 15:36:21
台湾2a-付费节点,1,19815617,18.9MB,2024-04-22 15:39:24
台湾2a-付费节点,1,20468410,19.52MB,2024-04-22 15:42:26
美国5a-付费节点,1,352127,343.87KB,2024-04-22 15:44:53
阿联酋a-付费节点,1,852,852B,2024-04-22 15:44:59
日本7a-付费节点,1,852,852B,2024-04-22 15:45:01
美国3a-付费节点,1,426,426B,2024-04-22 15:45:13
日本4a-付费节点,1,426,426B,2024-04-22 15:45:25
台湾2a-付费节点,1,20985251,20.01MB,2024-04-22 15:45:28
日本6b-付费节点,1,852,852B,2024-04-22 15:45:30
香港g2a-付费节点,1,852,852B,2024-04-22 15:45:31
泰国a-付费节点,1,852,852B,2024-04-22 15:45:57
越南a-付费节点,1,852,852B,2024-04-22 15:47:03
法国2a-付费节点,1,852,852B,2024-04-22 15:47:03
香港g1a-付费节点,1,1704,1.66KB,2024-04-22 15:47:23
澳洲a-付费节点,1,852,852B,2024-04-22 15:47:24
台湾3a-付费节点,1,852,852B,2024-04-22 15:47:36
印尼a-付费节点,1,852,852B,2024-04-22 15:47:39
日本2a-付费节点,1,852,852B,2024-04-22 15:47:42
土耳其b-付费节点,1,852,852B,2024-04-22 15:47:46
新加坡3a-付费节点,1,852,852B,2024-04-22 15:47:51
新加坡1b-付费节点,1,852,852B,2024-04-22 15:47:53
美国5a-付费节点,1,1728309,1.65MB,2024-04-22 15:47:54
不限流量-日本1-付费节点,0,426,0B,2024-04-22 15:47:57
不限流量-法国1-付费节点,0,426,0B,2024-04-22 15:48:00
日本1a-付费节点,1,852,852B,2024-04-22 15:48:08
不限流量-法国2-付费节点,0,426,0B,2024-04-22 15:48:11
日本4a-付费节点,1,426,426B,2024-04-22 15:48:26
台湾2a-付费节点,1,19400667,18.5MB,2024-04-22 15:48:31
印度a-付费节点,1,852,852B,2024-04-22 15:48:58
俄国a-付费节点,1,852,852B,2024-04-22 15:49:19
意大利a-付费节点,1,852,852B,2024-04-22 15:49:47
不限流量-美国2-付费节点,0,426,0B,2024-04-22 15:49:48
不限流量-美国3-付费节点,0,426,0B,2024-04-22 15:49:52
不限流量-美国1-付费节点,0,426,0B,2024-04-22 15:49:52
bt下载a-付费节点,1,852,852B,2024-04-22 15:50:10
不限流量-法国3-付费节点,0,426,0B,2024-04-22 15:50:14
美国5a-付费节点,1,993079,969.8KB,2024-04-22 15:50:56
台湾2a-付费节点,1,18922143,18.05MB,2024-04-22 15:51:33
美国5a-付费节点,1,1098341,1.05MB,2024-04-22 15:53:58
台湾2a-付费节点,1,19301173,18.41MB,2024-04-22 15:54:36
美国5a-付费节点,1,1066264,1.02MB,2024-04-22 15:56:59
台湾2a-付费节点,1,21184817,20.2MB,2024-04-22 15:57:38
美国5a-付费节点,1,924362,902.7KB,2024-04-22 16:00:01
台湾2a-付费节点,1,24202348,23.08MB,2024-04-22 16:00:41
美国5a-付费节点,1,1015789,991.98KB,2024-04-22 16:03:03
台湾2a-付费节点,1,19895171,18.97MB,2024-04-22 16:03:43
美国5a-付费节点,1,1108379,1.06MB,2024-04-22 16:06:05
台湾2a-付费节点,1,17707199,16.89MB,2024-04-22 16:06:45
美国5a-付费节点,1,1192507,1.14MB,2024-04-22 16:09:06
台湾2a-付费节点,1,19922542,19MB,2024-04-22 16:09:48
美国5a-付费节点,1,1105181,1.05MB,2024-04-22 16:12:08
台湾2a-付费节点,1,21142330,20.16MB,2024-04-22 16:12:50
美国5a-付费节点,1,1210856,1.15MB,2024-04-22 16:15:10
台湾2a-付费节点,1,20603820,19.65MB,2024-04-22 16:15:53
美国5a-付费节点,1,1225516,1.17MB,2024-04-22 16:18:11
台湾2a-付费节点,1,20792322,19.83MB,2024-04-22 16:18:55
美国5a-付费节点,1,1017911,994.05KB,2024-04-22 16:21:14
台湾2a-付费节点,1,21723381,20.72MB,2024-04-22 16:21:58
美国5a-付费节点,1,1137095,1.08MB,2024-04-22 16:24:16
台湾2a-付费节点,1,18992663,18.11MB,2024-04-22 16:25:00
美国5a-付费节点,1,1159852,1.11MB,2024-04-22 16:27:18
台湾2a-付费节点,1,19230682,18.34MB,2024-04-22 16:28:03
美国5a-付费节点,1,1042125,1017.7KB,2024-04-22 16:30:19
台湾2a-付费节点,1,19465124,18.56MB,2024-04-22 16:31:05
美国5a-付费节点,1,1014795,991.01KB,2024-04-22 16:33:23
台湾2a-付费节点,1,44807,43.76KB,2024-04-22 16:34:08
美国5a-付费节点,1,1156957,1.1MB,2024-04-22 16:36:25
台湾2a-付费节点,1,40522,39.57KB,2024-04-22 16:37:10
美国5a-付费节点,1,1017042,993.21KB,2024-04-22 16:39:27
台湾2a-付费节点,1,29864,29.16KB,2024-04-22 16:40:13
美国5a-付费节点,1,998609,975.2KB,2024-04-22 16:42:29
台湾2a-付费节点,1,53130,51.88KB,2024-04-22 16:43:15
美国5a-付费节点,1,1132403,1.08MB,2024-04-22 16:45:31
台湾2a-付费节点,1,128265,125.26KB,2024-04-22 16:46:18
美国5a-付费节点,1,1040009,1015.63KB,2024-04-22 16:48:33
台湾2a-付费节点,1,24819,24.24KB,2024-04-22 16:49:20
美国5a-付费节点,1,955081,932.7KB,2024-04-22 16:51:36
台湾2a-付费节点,1,24767,24.19KB,2024-04-22 16:52:22
美国5a-付费节点,1,1182668,1.13MB,2024-04-22 16:54:38
台湾2a-付费节点,1,29988,29.29KB,2024-04-22 16:55:25
美国5a-付费节点,1,1012062,988.34KB,2024-04-22 16:57:40
台湾2a-付费节点,1,37388,36.51KB,2024-04-22 16:58:28
美国5a-付费节点,1,1085128,1.03MB,2024-04-22 17:00:42
台湾2a-付费节点,1,24907,24.32KB,2024-04-22 17:01:30
美国5a-付费节点,1,1062142,1.01MB,2024-04-22 17:03:43
台湾2a-付费节点,1,61232,59.8KB,2024-04-22 17:04:33
美国5a-付费节点,1,1095141,1.04MB,2024-04-22 17:06:45
台湾2a-付费节点,1,48497,47.36KB,2024-04-22 17:07:35
美国5a-付费节点,1,1033725,1009.5KB,2024-04-22 17:09:47
台湾2a-付费节点,1,33532,32.75KB,2024-04-22 17:10:37
美国5a-付费节点,1,1106221,1.05MB,2024-04-22 17:12:50
台湾2a-付费节点,1,24741,24.16KB,2024-04-22 17:13:40
美国5a-付费节点,1,1807711,1.72MB,2024-04-22 17:15:52
美国5a-付费节点,1,994782,971.47KB,2024-04-22 17:18:54
美国5a-付费节点,1,1058839,1.01MB,2024-04-22 17:21:55
美国5a-付费节点,1,1195906,1.14MB,2024-04-22 17:24:57
美国5a-付费节点,1,1110251,1.06MB,2024-04-22 17:27:59
美国5a-付费节点,1,1172700,1.12MB,2024-04-22 17:31:00
美国5a-付费节点,1,1002220,978.73KB,2024-04-22 17:34:02
美国5a-付费节点,1,1042016,1017.59KB,2024-04-22 17:37:04
美国5a-付费节点,1,1118429,1.07MB,2024-04-22 17:40:05
美国5a-付费节点,1,987502,964.36KB,2024-04-22 17:43:07
美国5a-付费节点,1,1091253,1.04MB,2024-04-22 17:46:09
美国5a-付费节点,1,1054972,1.01MB,2024-04-22 17:49:10
美国5a-付费节点,1,916941,895.45KB,2024-04-22 17:52:12
法国2a-付费节点,1,213,213B,2024-04-22 17:54:27
澳洲a-付费节点,1,852,852B,2024-04-22 17:54:29
新加坡1b-付费节点,1,852,852B,2024-04-22 17:54:29
bt下载a-付费节点,1,426,426B,2024-04-22 17:54:30
日本1a-付费节点,1,852,852B,2024-04-22 17:54:36
新加坡3a-付费节点,1,852,852B,2024-04-22 17:54:45
不限流量-日本1-付费节点,0,426,0B,2024-04-22 17:54:45
日本2a-付费节点,1,852,852B,2024-04-22 17:54:46
日本7a-付费节点,1,852,852B,2024-04-22 17:54:50
不限流量-法国1-付费节点,0,426,0B,2024-04-22 17:55:04
阿联酋a-付费节点,1,852,852B,2024-04-22 17:55:08
台湾3a-付费节点,1,852,852B,2024-04-22 17:55:10
美国5a-付费节点,1,1971651,1.88MB,2024-04-22 17:55:13
土耳其b-付费节点,1,852,852B,2024-04-22 17:55:16
日本4a-付费节点,1,852,852B,2024-04-22 17:55:18
香港g2a-付费节点,1,852,852B,2024-04-22 17:55:23
日本6b-付费节点,1,852,852B,2024-04-22 17:55:24
泰国a-付费节点,1,852,852B,2024-04-22 17:55:35
越南a-付费节点,1,852,852B,2024-04-22 17:55:35
美国3a-付费节点,1,426,426B,2024-04-22 17:55:37
印度a-付费节点,1,852,852B,2024-04-22 17:55:42
不限流量-法国2-付费节点,0,426,0B,2024-04-22 17:55:50
不限流量-美国2-付费节点,0,426,0B,2024-04-22 17:56:38
俄国a-付费节点,1,852,852B,2024-04-22 17:56:44
不限流量-美国3-付费节点,0,426,0B,2024-04-22 17:56:50
不限流量-美国1-付费节点,0,426,0B,2024-04-22 17:56:50
印尼a-付费节点,1,852,852B,2024-04-22 17:57:08
意大利a-付费节点,1,852,852B,2024-04-22 17:57:14
不限流量-法国3-付费节点,0,426,0B,2024-04-22 17:57:22
香港g1a-付费节点,1,1704,1.66KB,2024-04-22 17:57:25
bt下载a-付费节点,1,426,426B,2024-04-22 17:57:32
美国5a-付费节点,1,2173523,2.07MB,2024-04-22 17:58:15
美国5a-付费节点,1,1468336,1.4MB,2024-04-22 18:01:17
美国5a-付费节点,1,1030746,1006.59KB,2024-04-22 18:04:18
美国5a-付费节点,1,1423975,1.36MB,2024-04-22 18:07:20
美国5a-付费节点,1,1217473,1.16MB,2024-04-22 18:10:21
美国5a-付费节点,1,2129451,2.03MB,2024-04-22 18:13:23
美国5a-付费节点,1,521461,509.24KB,2024-04-22 18:16:24
新加坡3a-付费节点,1,14896981,14.21MB,2024-04-22 20:17:38
新加坡3a-付费节点,1,16415004,15.65MB,2024-04-22 20:18:38
新加坡3a-付费节点,1,2305988,2.2MB,2024-04-22 20:19:38
新加坡3a-付费节点,1,4963697,4.73MB,2024-04-22 20:20:39
新加坡3a-付费节点,1,6894012,6.57MB,2024-04-22 20:21:39
新加坡3a-付费节点,1,1357732,1.29MB,2024-04-22 20:22:40
新加坡3a-付费节点,1,1803196,1.72MB,2024-04-22 20:23:40
新加坡3a-付费节点,1,5381414,5.13MB,2024-04-22 20:24:40
新加坡3a-付费节点,1,3464478,3.3MB,2024-04-22 20:25:41
新加坡3a-付费节点,1,1815935,1.73MB,2024-04-22 20:26:41
新加坡3a-付费节点,1,2803269,2.67MB,2024-04-22 20:27:41
新加坡3a-付费节点,1,2134558,2.04MB,2024-04-22 20:28:42
新加坡3a-付费节点,1,54119,52.85KB,2024-04-22 20:29:42
新加坡3a-付费节点,1,6087529,5.81MB,2024-04-22 20:30:42
新加坡3a-付费节点,1,2780475,2.65MB,2024-04-22 20:31:43
新加坡3a-付费节点,1,58079,56.72KB,2024-04-22 20:32:43
新加坡3a-付费节点,1,7432494,7.09MB,2024-04-22 20:33:43
新加坡3a-付费节点,1,46909,45.81KB,2024-04-22 20:34:44
新加坡3a-付费节点,1,43808,42.78KB,2024-04-22 20:35:44
新加坡3a-付费节点,1,942955,920.85KB,2024-04-22 20:36:44
新加坡3a-付费节点,1,8235897,7.85MB,2024-04-22 20:37:45
新加坡3a-付费节点,1,24678714,23.54MB,2024-04-22 20:38:45
新加坡3a-付费节点,1,12743878,12.15MB,2024-04-22 20:39:46
新加坡3a-付费节点,1,6020952,5.74MB,2024-04-22 20:40:46
新加坡3a-付费节点,1,6762473,6.45MB,2024-04-22 20:41:46
新加坡3a-付费节点,1,3580491,3.41MB,2024-04-22 20:42:47
新加坡3a-付费节点,1,6636988,6.33MB,2024-04-22 20:43:47
新加坡3a-付费节点,1,10758165,10.26MB,2024-04-22 20:44:48
新加坡3a-付费节点,1,1693258,1.61MB,2024-04-22 20:45:48
新加坡3a-付费节点,1,29811,29.11KB,2024-04-22 20:46:48
新加坡3a-付费节点,1,141928,138.6KB,2024-04-22 20:47:49
新加坡3a-付费节点,1,2124870,2.03MB,2024-04-22 20:48:49
新加坡3a-付费节点,1,34439,33.63KB,2024-04-22 20:49:49
新加坡3a-付费节点,1,16237633,15.49MB,2024-04-22 20:50:50
新加坡3a-付费节点,1,9318745,8.89MB,2024-04-22 20:51:50
新加坡3a-付费节点,1,3709128,3.54MB,2024-04-22 20:52:51
新加坡3a-付费节点,1,10030389,9.57MB,2024-04-22 20:53:51
新加坡3a-付费节点,1,5778758,5.51MB,2024-04-22 20:54:51
新加坡3a-付费节点,1,16117087,15.37MB,2024-04-22 20:55:52
新加坡3a-付费节点,1,10147828,9.68MB,2024-04-22 20:56:52
新加坡3a-付费节点,1,2632001,2.51MB,2024-04-22 20:57:53
新加坡3a-付费节点,1,10180826,9.71MB,2024-04-22 20:58:53
新加坡3a-付费节点,1,6539652,6.24MB,2024-04-22 20:59:53
新加坡3a-付费节点,1,6211123,5.92MB,2024-04-22 21:00:54
新加坡3a-付费节点,1,4678797,4.46MB,2024-04-22 21:01:54
新加坡3a-付费节点,1,5427072,5.18MB,2024-04-22 21:02:54
新加坡3a-付费节点,1,47678,46.56KB,2024-04-22 21:03:55
新加坡3a-付费节点,1,1391839,1.33MB,2024-04-22 21:04:55
新加坡3a-付费节点,1,10923543,10.42MB,2024-04-22 21:05:56
新加坡3a-付费节点,1,51940343,49.53MB,2024-04-22 21:06:56
新加坡3a-付费节点,1,7745925,7.39MB,2024-04-22 21:07:56
新加坡3a-付费节点,1,32380,31.62KB,2024-04-22 21:08:57
新加坡3a-付费节点,1,10518,10.27KB,2024-04-22 21:09:57
新加坡3a-付费节点,1,30733,30.01KB,2024-04-22 21:10:58
新加坡3a-付费节点,1,15984,15.61KB,2024-04-22 21:11:58
新加坡3a-付费节点,1,17797,17.38KB,2024-04-22 21:12:58
新加坡3a-付费节点,1,10612,10.36KB,2024-04-22 21:13:59
新加坡3a-付费节点,1,10614,10.37KB,2024-04-22 21:14:59
新加坡3a-付费节点,1,16558,16.17KB,2024-04-22 21:16:00
新加坡3a-付费节点,1,145020,141.62KB,2024-04-22 21:17:00
新加坡3a-付费节点,1,21326,20.83KB,2024-04-22 21:18:01
新加坡3a-付费节点,1,24403,23.83KB,2024-04-22 21:19:01
新加坡3a-付费节点,1,13337,13.02KB,2024-04-22 21:20:01
新加坡3a-付费节点,1,12201,11.92KB,2024-04-22 21:21:02
新加坡3a-付费节点,1,12070,11.79KB,2024-04-22 21:22:02
新加坡3a-付费节点,1,41552,40.58KB,2024-04-22 21:23:03
新加坡3a-付费节点,1,12136,11.85KB,2024-04-22 21:24:03
新加坡3a-付费节点,1,12175,11.89KB,2024-04-22 21:25:04
新加坡3a-付费节点,1,16832,16.44KB,2024-04-22 21:26:21
新加坡3a-付费节点,1,21695,21.19KB,2024-04-22 21:27:22
新加坡3a-付费节点,1,12081,11.8KB,2024-04-22 21:28:22
新加坡3a-付费节点,1,29826,29.13KB,2024-04-22 21:29:22
新加坡3a-付费节点,1,23899,23.34KB,2024-04-22 21:30:23
新加坡3a-付费节点,1,542650,529.93KB,2024-04-22 21:31:23
新加坡3a-付费节点,1,24029090,22.92MB,2024-04-22 21:32:24
新加坡3a-付费节点,1,20931422,19.96MB,2024-04-22 21:33:24
新加坡3a-付费节点,1,22017744,21MB,2024-04-22 21:34:24
新加坡3a-付费节点,1,22992874,21.93MB,2024-04-22 21:35:25
新加坡3a-付费节点,1,17008187,16.22MB,2024-04-22 21:36:25
新加坡3a-付费节点,1,32454689,30.95MB,2024-04-22 21:37:26
新加坡3a-付费节点,1,39229089,37.41MB,2024-04-22 21:38:26
新加坡3a-付费节点,1,12487857,11.91MB,2024-04-22 21:39:27
新加坡3a-付费节点,1,19433470,18.53MB,2024-04-22 21:40:27
新加坡3a-付费节点,1,7288701,6.95MB,2024-04-22 21:41:27
新加坡3a-付费节点,1,15783,15.41KB,2024-04-22 21:42:28
新加坡3a-付费节点,1,10549,10.3KB,2024-04-22 21:43:28
新加坡3a-付费节点,1,11877703,11.33MB,2024-04-22 21:44:28
新加坡3a-付费节点,1,18526369,17.67MB,2024-04-22 21:45:29
新加坡3a-付费节点,1,17042628,16.25MB,2024-04-22 21:46:29
新加坡3a-付费节点,1,19073823,18.19MB,2024-04-22 21:47:30
新加坡3a-付费节点,1,15828036,15.09MB,2024-04-22 21:48:30
新加坡3a-付费节点,1,19380283,18.48MB,2024-04-22 21:49:31
新加坡3a-付费节点,1,16893686,16.11MB,2024-04-22 21:50:31
新加坡3a-付费节点,1,28709691,27.38MB,2024-04-22 21:51:31
新加坡3a-付费节点,1,19161053,18.27MB,2024-04-22 21:52:32
新加坡3a-付费节点,1,17274344,16.47MB,2024-04-22 21:53:32
新加坡3a-付费节点,1,26914332,25.67MB,2024-04-22 21:54:33
新加坡3a-付费节点,1,22325876,21.29MB,2024-04-22 21:55:33
新加坡3a-付费节点,1,29943248,28.56MB,2024-04-22 21:56:34
新加坡3a-付费节点,1,27428630,26.16MB,2024-04-22 21:57:34
新加坡3a-付费节点,1,23643258,22.55MB,2024-04-22 21:58:34
新加坡3a-付费节点,1,20512009,19.56MB,2024-04-22 21:59:35
新加坡3a-付费节点,1,21164529,20.18MB,2024-04-22 22:00:35
新加坡3a-付费节点,1,26491887,25.26MB,2024-04-22 22:01:36
新加坡3a-付费节点,1,19511561,18.61MB,2024-04-22 22:02:36
新加坡3a-付费节点,1,27593439,26.32MB,2024-04-22 22:03:36
新加坡3a-付费节点,1,19882204,18.96MB,2024-04-22 22:04:37
新加坡3a-付费节点,1,18761521,17.89MB,2024-04-22 22:05:37
新加坡3a-付费节点,1,27153857,25.9MB,2024-04-22 22:06:38
新加坡3a-付费节点,1,44471294,42.41MB,2024-04-22 22:07:38
新加坡3a-付费节点,1,27790981,26.5MB,2024-04-22 22:08:39
新加坡3a-付费节点,1,21149457,20.17MB,2024-04-22 22:09:39
新加坡3a-付费节点,1,25445195,24.27MB,2024-04-22 22:10:39
新加坡3a-付费节点,1,12878207,12.28MB,2024-04-22 22:11:40
新加坡3a-付费节点,1,25403820,24.23MB,2024-04-22 22:12:40
新加坡3a-付费节点,1,35740995,34.09MB,2024-04-22 22:13:41
新加坡3a-付费节点,1,32778272,31.26MB,2024-04-22 22:14:41
新加坡3a-付费节点,1,43281576,41.28MB,2024-04-22 22:15:42
新加坡3a-付费节点,1,12443942,11.87MB,2024-04-22 22:16:42
新加坡3a-付费节点,1,22200356,21.17MB,2024-04-22 22:17:43
新加坡3a-付费节点,1,44848840,42.77MB,2024-04-22 22:18:43
新加坡3a-付费节点,1,15782545,15.05MB,2024-04-22 22:19:43
新加坡3a-付费节点,1,27678302,26.4MB,2024-04-22 22:20:44
新加坡3a-付费节点,1,27087,26.45KB,2024-04-22 22:21:44
新加坡3a-付费节点,1,418444,408.64KB,2024-04-22 22:22:45
新加坡3a-付费节点,1,33919,33.12KB,2024-04-22 22:23:45
新加坡3a-付费节点,1,24969,24.38KB,2024-04-22 22:24:45
新加坡3a-付费节点,1,15252,14.89KB,2024-04-22 22:25:46
新加坡3a-付费节点,1,10580,10.33KB,2024-04-22 22:26:46
新加坡3a-付费节点,1,91672,89.52KB,2024-04-22 22:27:47
新加坡3a-付费节点,1,10581,10.33KB,2024-04-22 22:28:47
新加坡3a-付费节点,1,21252,20.75KB,2024-04-22 22:29:47
新加坡3a-付费节点,1,13660807,13.03MB,2024-04-22 22:30:48
新加坡3a-付费节点,1,27754816,26.47MB,2024-04-22 22:31:49
新加坡3a-付费节点,1,34230982,32.65MB,2024-04-22 22:32:49
新加坡3a-付费节点,1,22908401,21.85MB,2024-04-22 22:33:49
新加坡3a-付费节点,1,25694613,24.5MB,2024-04-22 22:34:50
新加坡3a-付费节点,1,76269087,72.74MB,2024-04-22 22:35:50
新加坡3a-付费节点,1,35652584,34MB,2024-04-22 22:36:50
新加坡3a-付费节点,1,28962474,27.62MB,2024-04-22 22:37:51
新加坡3a-付费节点,1,38166292,36.4MB,2024-04-22 22:38:51
新加坡3a-付费节点,1,26785169,25.54MB,2024-04-22 22:39:52
新加坡3a-付费节点,1,43788,42.76KB,2024-04-22 22:40:52
新加坡3a-付费节点,1,10613,10.36KB,2024-04-22 22:41:53
新加坡3a-付费节点,1,30941,30.22KB,2024-04-22 22:42:53
新加坡3a-付费节点,1,23467,22.92KB,2024-04-22 22:43:53
新加坡3a-付费节点,1,10581,10.33KB,2024-04-22 22:44:54
新加坡3a-付费节点,1,15331751,14.62MB,2024-04-22 22:46:55
新加坡3a-付费节点,1,20402762,19.46MB,2024-04-22 22:47:55
新加坡3a-付费节点,1,64607510,61.61MB,2024-04-22 22:48:56
新加坡3a-付费节点,1,37371885,35.64MB,2024-04-22 22:49:56
新加坡3a-付费节点,1,35632993,33.98MB,2024-04-22 22:50:56
新加坡3a-付费节点,1,33360676,31.82MB,2024-04-22 22:51:57
新加坡3a-付费节点,1,24472402,23.34MB,2024-04-22 22:52:57
新加坡3a-付费节点,1,33113014,31.58MB,2024-04-22 22:53:58
新加坡3a-付费节点,1,25765035,24.57MB,2024-04-22 22:54:58
新加坡3a-付费节点,1,39548846,37.72MB,2024-04-22 22:55:58
新加坡3a-付费节点,1,19746235,18.83MB,2024-04-22 22:56:59
新加坡3a-付费节点,1,24342717,23.22MB,2024-04-22 22:57:59
新加坡3a-付费节点,1,31062466,29.62MB,2024-04-22 22:59:00
新加坡3a-付费节点,1,32552057,31.04MB,2024-04-22 23:00:00
新加坡3a-付费节点,1,32707721,31.19MB,2024-04-22 23:01:00
新加坡3a-付费节点,1,19750780,18.84MB,2024-04-22 23:02:01
新加坡3a-付费节点,1,22692031,21.64MB,2024-04-22 23:03:01
新加坡3a-付费节点,1,25349903,24.18MB,2024-04-22 23:04:02
新加坡3a-付费节点,1,17259514,16.46MB,2024-04-22 23:05:02
新加坡3a-付费节点,1,23216033,22.14MB,2024-04-22 23:06:03
新加坡3a-付费节点,1,22849171,21.79MB,2024-04-22 23:07:03
新加坡3a-付费节点,1,37036462,35.32MB,2024-04-22 23:08:03
新加坡3a-付费节点,1,28749945,27.42MB,2024-04-22 23:09:04
新加坡3a-付费节点,1,49960879,47.65MB,2024-04-22 23:10:04
新加坡3a-付费节点,1,27515120,26.24MB,2024-04-22 23:11:05
新加坡3a-付费节点,1,33546762,31.99MB,2024-04-22 23:12:05
新加坡3a-付费节点,1,23797322,22.69MB,2024-04-22 23:13:05
新加坡3a-付费节点,1,20068038,19.14MB,2024-04-22 23:14:06
新加坡3a-付费节点,1,25253134,24.08MB,2024-04-22 23:15:06
新加坡3a-付费节点,1,15128483,14.43MB,2024-04-22 23:16:07
美国5a-付费节点,1,1279370,1.22MB,2024-04-23 01:14:03
美国5a-付费节点,1,2204,2.15KB,2024-04-23 01:17:05
美国5a-付费节点,1,14001,13.67KB,2024-04-23 01:20:06
美国5a-付费节点,1,14004,13.68KB,2024-04-23 01:23:08
美国5a-付费节点,1,7002,6.84KB,2024-04-23 01:26:09
美国5a-付费节点,1,7002,6.84KB,2024-04-23 01:32:12
美国5a-付费节点,1,7002,6.84KB,2024-04-23 01:35:13
美国5a-付费节点,1,85876,83.86KB,2024-04-23 01:44:17
美国5a-付费节点,1,7016,6.85KB,2024-04-23 01:47:19
美国5a-付费节点,1,9416,9.2KB,2024-04-23 01:50:20
美国5a-付费节点,1,9416,9.2KB,2024-04-23 01:59:24
美国5a-付费节点,1,9416,9.2KB,2024-04-23 02:08:27
美国5a-付费节点,1,7016,6.85KB,2024-04-23 02:17:31
美国5a-付费节点,1,9416,9.2KB,2024-04-23 02:26:35
美国5a-付费节点,1,7016,6.85KB,2024-04-23 02:35:39
美国5a-付费节点,1,68408,66.8KB,2024-04-23 02:47:43
美国5a-付费节点,1,9411,9.19KB,2024-04-23 02:50:45
美国5a-付费节点,1,9411,9.19KB,2024-04-23 02:53:46
美国5a-付费节点,1,9411,9.19KB,2024-04-23 02:59:49
美国5a-付费节点,1,7011,6.85KB,2024-04-23 03:02:50
美国5a-付费节点,1,18822,18.38KB,2024-04-23 03:17:56
美国5a-付费节点,1,9411,9.19KB,2024-04-23 03:20:57
美国5a-付费节点,1,7011,6.85KB,2024-04-23 03:30:00
美国5a-付费节点,1,7011,6.85KB,2024-04-23 03:42:05
美国5a-付费节点,1,82031,80.11KB,2024-04-23 03:57:11
美国5a-付费节点,1,9420,9.2KB,2024-04-23 04:00:12
美国5a-付费节点,1,7020,6.86KB,2024-04-23 04:15:19
美国5a-付费节点,1,9420,9.2KB,2024-04-23 04:24:23
美国5a-付费节点,1,7020,6.86KB,2024-04-23 04:30:26
美国5a-付费节点,1,2135,2.08KB,2024-04-23 04:36:28
美国5a-付费节点,1,9420,9.2KB,2024-04-23 04:42:31
美国5a-付费节点,1,9420,9.2KB,2024-04-23 04:48:34
美国5a-付费节点,1,70181,68.54KB,2024-04-23 05:00:39
美国5a-付费节点,1,9418,9.2KB,2024-04-23 05:06:42
美国5a-付费节点,1,7018,6.85KB,2024-04-23 05:15:46
美国5a-付费节点,1,9418,9.2KB,2024-04-23 05:21:49
美国5a-付费节点,1,7018,6.85KB,2024-04-23 05:30:53
美国5a-付费节点,1,9418,9.2KB,2024-04-23 05:33:55
美国5a-付费节点,1,7018,6.85KB,2024-04-23 05:36:56
美国5a-付费节点,1,9418,9.2KB,2024-04-23 05:42:59
美国5a-付费节点,1,7018,6.85KB,2024-04-23 05:46:00
美国5a-付费节点,1,7018,6.85KB,2024-04-23 05:52:02
美国5a-付费节点,1,8120,7.93KB,2024-04-23 05:58:05
美国5a-付费节点,1,77339,75.53KB,2024-04-23 06:07:09
美国5a-付费节点,1,7009,6.84KB,2024-04-23 06:10:10
美国5a-付费节点,1,7009,6.84KB,2024-04-23 06:13:11
美国5a-付费节点,1,7009,6.84KB,2024-04-23 06:16:12
美国5a-付费节点,1,9142,8.93KB,2024-04-23 06:22:15
美国5a-付费节点,1,7009,6.84KB,2024-04-23 06:28:17
美国5a-付费节点,1,7009,6.84KB,2024-04-23 06:34:19
美国5a-付费节点,1,7009,6.84KB,2024-04-23 06:49:25
美国5a-付费节点,1,7009,6.84KB,2024-04-23 06:58:28
美国5a-付费节点,1,7009,6.84KB,2024-04-23 07:01:29
美国5a-付费节点,1,7009,6.84KB,2024-04-23 07:04:31
美国5a-付费节点,1,77356,75.54KB,2024-04-23 07:10:33
美国5a-付费节点,1,7016,6.85KB,2024-04-23 07:19:36
美国5a-付费节点,1,7016,6.85KB,2024-04-23 07:25:39
美国5a-付费节点,1,10605,10.36KB,2024-04-23 07:31:41
美国5a-付费节点,1,8567,8.37KB,2024-04-23 07:34:42
美国5a-付费节点,1,155489,151.84KB,2024-04-23 08:14:00
美国5a-付费节点,1,8441,8.24KB,2024-04-23 08:17:02
美国5a-付费节点,1,16827,16.43KB,2024-04-23 08:20:03
美国5a-付费节点,1,66509,64.95KB,2024-04-23 08:23:05
美国5a-付费节点,1,295168,288.25KB,2024-04-23 08:26:06
美国5a-付费节点,1,2133,2.08KB,2024-04-23 08:32:09
美国5a-付费节点,1,14030,13.7KB,2024-04-23 08:35:11
美国5a-付费节点,1,240227,234.6KB,2024-04-23 08:38:12
美国5a-付费节点,1,146032,142.61KB,2024-04-23 08:41:14
美国5a-付费节点,1,1439659,1.37MB,2024-04-23 08:44:15
美国5a-付费节点,1,517,517B,2024-04-23 08:47:17
美国5a-付费节点,1,12934,12.63KB,2024-04-23 08:53:20
美国5a-付费节点,1,7532,7.36KB,2024-04-23 08:59:23
台湾2a-付费节点,1,772122,754.03KB,2024-04-23 09:00:19
美国5a-付费节点,1,42846,41.84KB,2024-04-23 09:02:24
台湾2a-付费节点,1,1266351,1.21MB,2024-04-23 09:03:21
台湾2a-付费节点,1,5143044,4.9MB,2024-04-23 09:06:23
台湾2a-付费节点,1,20827,20.34KB,2024-04-23 09:09:24
台湾2a-付费节点,1,112149935,106.95MB,2024-04-23 09:18:29
新加坡3a-付费节点,1,852,852B,2024-04-23 09:20:26
不限流量-日本1-付费节点,0,426,0B,2024-04-23 09:20:30
日本1a-付费节点,1,852,852B,2024-04-23 09:20:32
美国5a-付费节点,1,537052,524.46KB,2024-04-23 09:20:34
日本2a-付费节点,1,426,426B,2024-04-23 09:20:46
印尼a-付费节点,1,426,426B,2024-04-23 09:20:46
印度a-付费节点,1,852,852B,2024-04-23 09:20:49
意大利a-付费节点,1,852,852B,2024-04-23 09:20:58
不限流量-法国3-付费节点,0,426,0B,2024-04-23 09:21:21
台湾2a-付费节点,1,1599632,1.53MB,2024-04-23 09:21:31
新加坡1b-付费节点,1,852,852B,2024-04-23 09:21:53
不限流量-法国2-付费节点,0,426,0B,2024-04-23 09:21:56
不限流量-法国1-付费节点,0,426,0B,2024-04-23 09:22:22
bt下载a-付费节点,1,852,852B,2024-04-23 09:22:24
澳洲a-付费节点,1,426,426B,2024-04-23 09:22:53
土耳其b-付费节点,1,852,852B,2024-04-23 09:23:01
不限流量-美国2-付费节点,0,426,0B,2024-04-23 09:23:02
不限流量-美国1-付费节点,0,426,0B,2024-04-23 09:23:02
不限流量-美国3-付费节点,0,426,0B,2024-04-23 09:23:03
俄国a-付费节点,1,852,852B,2024-04-23 09:23:17
法国2a-付费节点,1,852,852B,2024-04-23 09:23:32
阿联酋a-付费节点,1,852,852B,2024-04-23 09:23:33
香港g1a-付费节点,1,1704,1.66KB,2024-04-23 09:23:34
美国5a-付费节点,1,868974,848.61KB,2024-04-23 09:23:36
香港g2a-付费节点,1,852,852B,2024-04-23 09:23:41
印尼a-付费节点,1,426,426B,2024-04-23 09:23:46
日本2a-付费节点,1,852,852B,2024-04-23 09:23:47
日本7a-付费节点,1,852,852B,2024-04-23 09:23:51
日本4a-付费节点,1,852,852B,2024-04-23 09:24:15
日本6b-付费节点,1,852,852B,2024-04-23 09:24:16
越南a-付费节点,1,852,852B,2024-04-23 09:24:24
台湾2a-付费节点,1,2187920,2.09MB,2024-04-23 09:24:33
美国3a-付费节点,1,426,426B,2024-04-23 09:24:34
台湾3a-付费节点,1,852,852B,2024-04-23 09:24:46
泰国a-付费节点,1,852,852B,2024-04-23 09:25:45
澳洲a-付费节点,1,426,426B,2024-04-23 09:25:55
美国5a-付费节点,1,2049486,1.95MB,2024-04-23 09:26:37
台湾2a-付费节点,1,24797,24.22KB,2024-04-23 09:27:34
美国5a-付费节点,1,4548167,4.34MB,2024-04-23 09:29:39
台湾2a-付费节点,1,64623,63.11KB,2024-04-23 09:30:36
美国5a-付费节点,1,1883126,1.8MB,2024-04-23 09:32:41
台湾2a-付费节点,1,87284,85.24KB,2024-04-23 09:33:38
美国5a-付费节点,1,1622794,1.55MB,2024-04-23 09:35:42
台湾2a-付费节点,1,24798,24.22KB,2024-04-23 09:36:40
美国5a-付费节点,1,1372534,1.31MB,2024-04-23 09:38:43
台湾2a-付费节点,1,38325,37.43KB,2024-04-23 09:39:41
美国5a-付费节点,1,52661246,50.22MB,2024-04-23 09:41:45
台湾2a-付费节点,1,166008,162.12KB,2024-04-23 09:42:43
美国5a-付费节点,1,14723256,14.04MB,2024-04-23 09:44:46
台湾2a-付费节点,1,29545,28.85KB,2024-04-23 09:45:44
美国5a-付费节点,1,1070498,1.02MB,2024-04-23 09:47:48
台湾2a-付费节点,1,33825,33.03KB,2024-04-23 09:48:46
美国5a-付费节点,1,1054738,1.01MB,2024-04-23 09:50:50
台湾2a-付费节点,1,24908,24.32KB,2024-04-23 09:51:49
美国5a-付费节点,1,1236985,1.18MB,2024-04-23 09:53:51
台湾2a-付费节点,1,29859,29.16KB,2024-04-23 09:54:51
美国5a-付费节点,1,640667,625.65KB,2024-04-23 09:56:53
台湾2a-付费节点,1,24766,24.19KB,2024-04-23 09:57:53
台湾2a-付费节点,1,172517,168.47KB,2024-04-23 10:00:56
台湾2a-付费节点,1,124121,121.21KB,2024-04-23 10:03:59
台湾2a-付费节点,1,52052,50.83KB,2024-04-23 10:07:01
台湾2a-付费节点,1,29747,29.05KB,2024-04-23 10:10:03
美国5a-付费节点,1,35350,34.52KB,2024-04-23 10:12:01
台湾2a-付费节点,1,24845,24.26KB,2024-04-23 10:13:06
美国5a-付费节点,1,306251,299.07KB,2024-04-23 10:15:02
台湾2a-付费节点,1,29545,28.85KB,2024-04-23 10:16:08
美国5a-付费节点,1,19531,19.07KB,2024-04-23 10:18:04
台湾2a-付费节点,1,24740,24.16KB,2024-04-23 10:19:11
台湾2a-付费节点,1,65864,64.32KB,2024-04-23 10:22:13
美国5a-付费节点,1,90290,88.17KB,2024-04-23 10:24:07
台湾2a-付费节点,1,29630,28.94KB,2024-04-23 10:25:15
台湾2a-付费节点,1,24821,24.24KB,2024-04-23 10:28:18
台湾2a-付费节点,1,37871,36.98KB,2024-04-23 10:31:20
台湾2a-付费节点,1,42522,41.53KB,2024-04-23 10:34:22
台湾2a-付费节点,1,34875,34.06KB,2024-04-23 10:37:25
台湾2a-付费节点,1,29758,29.06KB,2024-04-23 10:40:27
美国5a-付费节点,1,1085798,1.04MB,2024-04-23 10:42:16
台湾2a-付费节点,1,24820,24.24KB,2024-04-23 10:43:30
美国5a-付费节点,1,14475225,13.8MB,2024-04-23 10:45:17
台湾2a-付费节点,1,24815,24.23KB,2024-04-23 10:46:32
美国5a-付费节点,1,27485423,26.21MB,2024-04-23 10:48:19
台湾2a-付费节点,1,89901,87.79KB,2024-04-23 10:49:34
美国5a-付费节点,1,10898452,10.39MB,2024-04-23 10:51:20
台湾2a-付费节点,1,46316,45.23KB,2024-04-23 10:52:36
美国5a-付费节点,1,345292,337.2KB,2024-04-23 10:54:22
台湾2a-付费节点,1,29819,29.12KB,2024-04-23 10:55:38
美国5a-付费节点,1,15579,15.21KB,2024-04-23 10:57:23
台湾2a-付费节点,1,24743,24.16KB,2024-04-23 10:58:41
美国5a-付费节点,1,32876,32.11KB,2024-04-23 11:00:25
台湾2a-付费节点,1,37945,37.06KB,2024-04-23 11:01:43
美国5a-付费节点,1,526,526B,2024-04-23 11:03:27
台湾2a-付费节点,1,40173,39.23KB,2024-04-23 11:04:45
美国5a-付费节点,1,16861,16.47KB,2024-04-23 11:06:29
台湾2a-付费节点,1,38348,37.45KB,2024-04-23 11:07:48
台湾2a-付费节点,1,32972,32.2KB,2024-04-23 11:10:51
美国5a-付费节点,1,8929,8.72KB,2024-04-23 11:12:32
台湾2a-付费节点,1,35405,34.58KB,2024-04-23 11:13:54
台湾2a-付费节点,1,29575,28.88KB,2024-04-23 11:16:57
美国5a-付费节点,1,232412,226.96KB,2024-04-23 11:18:37
台湾2a-付费节点,1,67858661,64.72MB,2024-04-23 11:19:59
美国5a-付费节点,1,3785,3.7KB,2024-04-23 11:21:38
台湾2a-付费节点,1,8769595,8.36MB,2024-04-23 11:23:02
美国5a-付费节点,1,54393,53.12KB,2024-04-23 11:24:41
台湾2a-付费节点,1,181181,176.93KB,2024-04-23 11:26:04
美国5a-付费节点,1,13043942,12.44MB,2024-04-23 11:27:42
台湾2a-付费节点,1,120130,117.31KB,2024-04-23 11:29:07
美国5a-付费节点,1,526,526B,2024-04-23 11:30:44
台湾2a-付费节点,1,37898,37.01KB,2024-04-23 11:32:09
美国5a-付费节点,1,9109,8.9KB,2024-04-23 11:33:46
台湾2a-付费节点,1,102512,100.11KB,2024-04-23 11:35:12
台湾2a-付费节点,1,38388,37.49KB,2024-04-23 11:38:15
美国5a-付费节点,1,526,526B,2024-04-23 11:39:50
台湾2a-付费节点,1,38535,37.63KB,2024-04-23 11:41:17
美国5a-付费节点,1,28616780,27.29MB,2024-04-23 11:42:52
台湾2a-付费节点,1,78800,76.95KB,2024-04-23 11:44:20
美国5a-付费节点,1,18888372,18.01MB,2024-04-23 11:45:53
台湾2a-付费节点,1,31294,30.56KB,2024-04-23 11:47:22
美国5a-付费节点,1,20130265,19.2MB,2024-04-23 11:48:55
台湾2a-付费节点,1,29598,28.9KB,2024-04-23 11:50:24
美国5a-付费节点,1,8969205,8.55MB,2024-04-23 11:51:57
台湾2a-付费节点,1,34761,33.95KB,2024-04-23 11:53:26
美国5a-付费节点,1,4296901,4.1MB,2024-04-23 11:54:58
台湾2a-付费节点,1,60279,58.87KB,2024-04-23 11:56:29
美国5a-付费节点,1,316294,308.88KB,2024-04-23 11:57:59
台湾2a-付费节点,1,44888,43.84KB,2024-04-23 11:59:31
美国5a-付费节点,1,495936,484.31KB,2024-04-23 12:58:30
美国5a-付费节点,1,253192,247.26KB,2024-04-23 13:01:32
台湾2a-付费节点,1,305347,298.19KB,2024-04-23 13:45:51
台湾2a-付费节点,1,28920,28.24KB,2024-04-23 13:48:54
台湾2a-付费节点,1,34572,33.76KB,2024-04-23 13:51:56
台湾2a-付费节点,1,44739,43.69KB,2024-04-23 13:54:59
台湾2a-付费节点,1,24851,24.27KB,2024-04-23 13:58:01
美国5a-付费节点,1,220326,215.16KB,2024-04-23 13:59:02
台湾2a-付费节点,1,147298,143.85KB,2024-04-23 14:01:04
美国5a-付费节点,1,6842,6.68KB,2024-04-23 14:02:04
台湾2a-付费节点,1,24814,24.23KB,2024-04-23 14:04:06
台湾2a-付费节点,1,24798,24.22KB,2024-04-23 14:07:09
台湾2a-付费节点,1,40151,39.21KB,2024-04-23 14:10:11
台湾2a-付费节点,1,59439,58.05KB,2024-04-23 14:13:14
台湾2a-付费节点,1,46494,45.4KB,2024-04-23 14:16:38
台湾2a-付费节点,1,24853,24.27KB,2024-04-23 14:19:40
台湾2a-付费节点,1,50239,49.06KB,2024-04-23 14:22:41
台湾2a-付费节点,1,43405,42.39KB,2024-04-23 14:25:43
台湾2a-付费节点,1,24908,24.32KB,2024-04-23 14:28:44
台湾2a-付费节点,1,106229,103.74KB,2024-04-23 14:31:46
台湾2a-付费节点,1,29780,29.08KB,2024-04-23 14:34:47
台湾2a-付费节点,1,24767,24.19KB,2024-04-23 14:37:49
台湾2a-付费节点,1,22732,22.2KB,2024-04-23 14:40:50
台湾2a-付费节点,1,20378,19.9KB,2024-04-23 14:43:52
台湾2a-付费节点,1,29600,28.91KB,2024-04-23 14:46:53
美国3a-付费节点,1,12681855,12.09MB,2024-04-23 14:48:58
台湾2a-付费节点,1,24798,24.22KB,2024-04-23 14:49:54
美国3a-付费节点,1,2043303,1.95MB,2024-04-23 14:52:00
台湾2a-付费节点,1,33152,32.38KB,2024-04-23 14:52:56
美国3a-付费节点,1,655592,640.23KB,2024-04-23 14:55:02
台湾2a-付费节点,1,70336,68.69KB,2024-04-23 14:55:57
美国3a-付费节点,1,353221,344.94KB,2024-04-23 14:58:04
台湾2a-付费节点,1,34739,33.92KB,2024-04-23 14:58:59
美国5a-付费节点,1,378625,369.75KB,2024-04-23 14:59:41
美国3a-付费节点,1,296248,289.3KB,2024-04-23 15:01:06
台湾2a-付费节点,1,145670,142.26KB,2024-04-23 15:02:01
美国5a-付费节点,1,32996,32.22KB,2024-04-23 15:02:43
美国3a-付费节点,1,19197137,18.31MB,2024-04-23 15:04:08
台湾2a-付费节点,1,24765,24.18KB,2024-04-23 15:05:03
美国3a-付费节点,1,155696,152.05KB,2024-04-23 15:07:10
台湾2a-付费节点,1,8303,8.11KB,2024-04-23 15:08:04
美国3a-付费节点,1,1170439,1.12MB,2024-04-23 15:10:12
美国3a-付费节点,1,1112761,1.06MB,2024-04-23 15:13:14
美国3a-付费节点,1,9386906,8.95MB,2024-04-23 15:16:16
台湾2a-付费节点,1,112015,109.39KB,2024-04-23 15:17:09
美国3a-付费节点,1,2215941,2.11MB,2024-04-23 15:19:18
台湾2a-付费节点,1,35022,34.2KB,2024-04-23 15:20:10
美国3a-付费节点,1,191539,187.05KB,2024-04-23 15:22:20
台湾2a-付费节点,1,54426,53.15KB,2024-04-23 15:23:12
美国3a-付费节点,1,30750,30.03KB,2024-04-23 15:25:22
台湾2a-付费节点,1,55958,54.65KB,2024-04-23 15:26:13
美国3a-付费节点,1,2550120,2.43MB,2024-04-23 15:28:23
台湾2a-付费节点,1,200891,196.18KB,2024-04-23 15:29:14
美国3a-付费节点,1,71074,69.41KB,2024-04-23 15:31:25
台湾2a-付费节点,1,880741,860.1KB,2024-04-23 15:32:16
美国3a-付费节点,1,99172,96.85KB,2024-04-23 15:34:27
台湾2a-付费节点,1,70078,68.44KB,2024-04-23 15:35:17
美国3a-付费节点,1,6491433,6.19MB,2024-04-23 15:37:29
台湾2a-付费节点,1,30052,29.35KB,2024-04-23 15:38:20
美国3a-付费节点,1,11549632,11.01MB,2024-04-23 15:40:31
台湾2a-付费节点,1,39684,38.75KB,2024-04-23 15:41:21
美国3a-付费节点,1,2218711,2.12MB,2024-04-23 15:43:33
台湾2a-付费节点,1,36084258,34.41MB,2024-04-23 15:44:23
美国3a-付费节点,1,6332519,6.04MB,2024-04-23 15:46:36
台湾2a-付费节点,1,48034408,45.81MB,2024-04-23 15:47:24
美国3a-付费节点,1,25323958,24.15MB,2024-04-23 15:49:38
台湾2a-付费节点,1,45270845,43.17MB,2024-04-23 15:50:26
美国3a-付费节点,1,26189589,24.98MB,2024-04-23 15:52:40
台湾2a-付费节点,1,133604,130.47KB,2024-04-23 15:53:27
美国3a-付费节点,1,451554,440.97KB,2024-04-23 15:55:42
台湾2a-付费节点,1,49264,48.11KB,2024-04-23 15:56:28
美国3a-付费节点,1,1373053,1.31MB,2024-04-23 15:58:44
台湾2a-付费节点,1,24799,24.22KB,2024-04-23 15:59:30
美国5a-付费节点,1,157301,153.61KB,2024-04-23 16:00:21
台湾2a-付费节点,1,124098,121.19KB,2024-04-23 16:02:31
台湾2a-付费节点,1,32721,31.95KB,2024-04-23 16:05:32
台湾2a-付费节点,1,52241,51.02KB,2024-04-23 16:08:34
台湾2a-付费节点,1,24799,24.22KB,2024-04-23 16:11:35
台湾2a-付费节点,1,35800,34.96KB,2024-04-23 16:14:37
台湾2a-付费节点,1,29539,28.85KB,2024-04-23 16:17:38
台湾2a-付费节点,1,24821,24.24KB,2024-04-23 16:20:39
台湾2a-付费节点,1,29906,29.21KB,2024-04-23 16:23:41
台湾2a-付费节点,1,76844,75.04KB,2024-04-23 16:26:42
台湾2a-付费节点,1,42434,41.44KB,2024-04-23 16:29:44
台湾2a-付费节点,1,43594,42.57KB,2024-04-23 16:32:45
台湾2a-付费节点,1,32670,31.9KB,2024-04-23 16:35:47
台湾2a-付费节点,1,29853,29.15KB,2024-04-23 16:38:48
台湾2a-付费节点,1,24855,24.27KB,2024-04-23 16:41:50
台湾2a-付费节点,1,35735,34.9KB,2024-04-23 16:44:56
台湾2a-付费节点,1,24853,24.27KB,2024-04-23 16:47:58
不限流量-法国3-付费节点,0,426,0B,2024-04-23 16:48:50
bt下载a-付费节点,1,852,852B,2024-04-23 16:48:51
美国5a-付费节点,1,551633,538.7KB,2024-04-23 16:48:54
土耳其b-付费节点,1,852,852B,2024-04-23 16:48:58
法国2a-付费节点,1,852,852B,2024-04-23 16:49:00
阿联酋a-付费节点,1,852,852B,2024-04-23 16:49:03
印尼a-付费节点,1,852,852B,2024-04-23 16:49:16
意大利a-付费节点,1,852,852B,2024-04-23 16:49:18
日本1a-付费节点,1,852,852B,2024-04-23 16:49:25
新加坡3a-付费节点,1,426,426B,2024-04-23 16:49:28
不限流量-美国2-付费节点,0,426,0B,2024-04-23 16:50:07
不限流量-美国3-付费节点,0,426,0B,2024-04-23 16:50:13
美国3a-付费节点,1,426,426B,2024-04-23 16:50:16
香港t1a-付费节点,1,426,426B,2024-04-23 16:50:23
日本7a-付费节点,1,852,852B,2024-04-23 16:50:27
不限流量-美国1-付费节点,0,426,0B,2024-04-23 16:50:28
越南a-付费节点,1,852,852B,2024-04-23 16:50:28
香港g2a-付费节点,1,852,852B,2024-04-23 16:50:29
台湾3a-付费节点,1,639,639B,2024-04-23 16:50:36
印度a-付费节点,1,852,852B,2024-04-23 16:50:47
香港g1a-付费节点,1,1278,1.25KB,2024-04-23 16:50:53
新加坡1b-付费节点,1,852,852B,2024-04-23 16:50:56
台湾2a-付费节点,1,41065,40.1KB,2024-04-23 16:50:59
日本6b-付费节点,1,852,852B,2024-04-23 16:51:01
日本4a-付费节点,1,852,852B,2024-04-23 16:51:04
日本2a-付费节点,1,852,852B,2024-04-23 16:51:06
澳洲a-付费节点,1,852,852B,2024-04-23 16:51:18
俄国a-付费节点,1,426,426B,2024-04-23 16:51:33
泰国a-付费节点,1,852,852B,2024-04-23 16:51:50
美国5a-付费节点,1,3540823,3.38MB,2024-04-23 16:51:55
新加坡3a-付费节点,1,426,426B,2024-04-23 16:52:30
不限流量-法国1-付费节点,0,426,0B,2024-04-23 16:53:07
不限流量-日本1-付费节点,0,426,0B,2024-04-23 16:53:28
台湾3a-付费节点,1,426,426B,2024-04-23 16:53:38
台湾2a-付费节点,1,52570,51.34KB,2024-04-23 16:54:00
俄国a-付费节点,1,852,852B,2024-04-23 16:54:36
美国5a-付费节点,1,2511103,2.39MB,2024-04-23 16:54:57
不限流量-法国2-付费节点,0,426,0B,2024-04-23 16:55:06
台湾2a-付费节点,1,24798,24.22KB,2024-04-23 16:57:02
美国5a-付费节点,1,5398695,5.15MB,2024-04-23 16:57:59
台湾2a-付费节点,1,24820,24.24KB,2024-04-23 17:00:03
美国5a-付费节点,1,2014206,1.92MB,2024-04-23 17:01:00
台湾2a-付费节点,1,124047,121.14KB,2024-04-23 17:03:05
美国5a-付费节点,1,249546450,237.99MB,2024-04-23 17:04:03
台湾2a-付费节点,1,61165,59.73KB,2024-04-23 17:06:06
美国5a-付费节点,1,57601274,54.93MB,2024-04-23 17:07:04
美国5a-付费节点,1,84479939,80.57MB,2024-04-23 17:10:06
美国5a-付费节点,1,1081019,1.03MB,2024-04-23 17:13:08
美国5a-付费节点,1,1690866,1.61MB,2024-04-23 17:16:10
美国5a-付费节点,1,947549,925.34KB,2024-04-23 17:19:11
美国5a-付费节点,1,4515423,4.31MB,2024-04-23 17:22:13
美国5a-付费节点,1,2293343,2.19MB,2024-04-23 17:25:14
美国5a-付费节点,1,10966759,10.46MB,2024-04-23 17:28:16
美国5a-付费节点,1,3930063,3.75MB,2024-04-23 17:31:17
美国5a-付费节点,1,1495239,1.43MB,2024-04-23 17:34:19
美国5a-付费节点,1,5904977,5.63MB,2024-04-23 17:37:21
美国5a-付费节点,1,3031714,2.89MB,2024-04-23 17:40:23
美国5a-付费节点,1,2985898,2.85MB,2024-04-23 17:43:24
美国5a-付费节点,1,2843213,2.71MB,2024-04-23 17:46:26
美国5a-付费节点,1,2067592,1.97MB,2024-04-23 17:49:27
美国5a-付费节点,1,1841585,1.76MB,2024-04-23 17:52:29
美国5a-付费节点,1,2077403,1.98MB,2024-04-23 17:55:31
美国5a-付费节点,1,4421308,4.22MB,2024-04-23 17:58:32
美国5a-付费节点,1,3244816,3.09MB,2024-04-23 18:01:34
美国5a-付费节点,1,5249156,5.01MB,2024-04-23 18:04:35
美国5a-付费节点,1,1472541,1.4MB,2024-04-23 18:07:37
美国5a-付费节点,1,1402627,1.34MB,2024-04-23 18:10:38
美国5a-付费节点,1,6141356,5.86MB,2024-04-23 18:13:40
美国5a-付费节点,1,1515065,1.44MB,2024-04-23 18:16:41
美国5a-付费节点,1,2060355,1.96MB,2024-04-23 18:19:43
美国5a-付费节点,1,1149731,1.1MB,2024-04-23 18:22:45
美国5a-付费节点,1,1700174,1.62MB,2024-04-23 18:25:46
美国5a-付费节点,1,1015241,991.45KB,2024-04-23 18:28:48
美国5a-付费节点,1,1262548,1.2MB,2024-04-23 18:31:49
美国5a-付费节点,1,1097540,1.05MB,2024-04-23 18:34:51
美国5a-付费节点,1,1295699,1.24MB,2024-04-23 18:37:53
美国5a-付费节点,1,6190092,5.9MB,2024-04-23 18:40:55
美国5a-付费节点,1,2143834,2.04MB,2024-04-23 18:43:56
美国5a-付费节点,1,1741721,1.66MB,2024-04-23 18:46:58
美国5a-付费节点,1,2620468,2.5MB,2024-04-23 18:50:00
美国5a-付费节点,1,4710771,4.49MB,2024-04-23 18:53:01
美国5a-付费节点,1,10323967,9.85MB,2024-04-23 18:56:03
美国5a-付费节点,1,1130036,1.08MB,2024-04-23 18:59:04
美国3a-付费节点,1,85022,83.03KB,2024-04-23 19:00:30
美国5a-付费节点,1,2166973,2.07MB,2024-04-23 19:02:06
美国5a-付费节点,1,2544566,2.43MB,2024-04-23 19:05:08
美国5a-付费节点,1,1555211,1.48MB,2024-04-23 19:08:10
美国5a-付费节点,1,1232365,1.18MB,2024-04-23 19:11:11
美国5a-付费节点,1,1189774,1.13MB,2024-04-23 19:14:13
美国5a-付费节点,1,2167610,2.07MB,2024-04-23 19:17:15
美国5a-付费节点,1,1319006,1.26MB,2024-04-23 19:20:16
美国5a-付费节点,1,1754780,1.67MB,2024-04-23 19:23:17
美国5a-付费节点,1,1170199,1.12MB,2024-04-23 19:26:19
美国5a-付费节点,1,1266196,1.21MB,2024-04-23 19:29:20
美国5a-付费节点,1,124330,121.42KB,2024-04-23 19:32:22
美国5a-付费节点,1,3903,3.81KB,2024-04-23 19:35:24
美国5a-付费节点,1,9805,9.58KB,2024-04-23 19:38:25
美国5a-付费节点,1,8518,8.32KB,2024-04-23 19:41:27
美国5a-付费节点,1,747973,730.44KB,2024-04-23 19:44:29
美国5a-付费节点,1,24730,24.15KB,2024-04-23 19:47:30
美国5a-付费节点,1,22762,22.23KB,2024-04-23 19:50:32
美国5a-付费节点,1,10621,10.37KB,2024-04-23 19:56:35
美国5a-付费节点,1,7021,6.86KB,2024-04-23 19:59:37
美国5a-付费节点,1,204,204B,2024-04-23 20:02:39
美国5a-付费节点,1,204,204B,2024-04-23 20:05:40
美国5a-付费节点,1,204,204B,2024-04-23 20:08:42
美国5a-付费节点,1,31003,30.28KB,2024-04-23 20:11:43
美国5a-付费节点,1,16339,15.96KB,2024-04-23 20:14:45
美国5a-付费节点,1,8133,7.94KB,2024-04-23 20:17:46
美国5a-付费节点,1,69309,67.68KB,2024-04-23 20:20:48
美国5a-付费节点,1,14361,14.02KB,2024-04-23 20:23:51
美国5a-付费节点,1,7017,6.85KB,2024-04-23 20:26:52
美国5a-付费节点,1,263499,257.32KB,2024-04-23 20:29:54
美国5a-付费节点,1,484826,473.46KB,2024-04-23 20:32:56
不限流量-美国1-付费节点,0,426,0B,2024-04-23 20:34:09
日本6b-付费节点,1,852,852B,2024-04-23 20:34:27
香港g1a-付费节点,1,1278,1.25KB,2024-04-23 20:34:30
阿联酋a-付费节点,1,852,852B,2024-04-23 20:34:45
印尼a-付费节点,1,426,426B,2024-04-23 20:35:01
不限流量-法国3-付费节点,0,426,0B,2024-04-23 20:35:34
美国5a-付费节点,1,543739,531KB,2024-04-23 20:35:57
俄国a-付费节点,1,852,852B,2024-04-23 20:36:05
bt下载a-付费节点,1,852,852B,2024-04-23 20:36:14
越南a-付费节点,1,426,426B,2024-04-23 20:36:27
不限流量-美国2-付费节点,0,426,0B,2024-04-23 20:36:39
日本7a-付费节点,1,426,426B,2024-04-23 20:36:44
不限流量-美国3-付费节点,0,426,0B,2024-04-23 20:36:44
香港t1a-付费节点,1,426,426B,2024-04-23 20:36:48
不限流量-日本1-付费节点,0,426,0B,2024-04-23 20:36:49
香港g2a-付费节点,1,852,852B,2024-04-23 20:36:50
不限流量-法国1-付费节点,0,426,0B,2024-04-23 20:36:57
不限流量-法国2-付费节点,0,426,0B,2024-04-23 20:36:59
美国5a-付费节点,1,15752,15.38KB,2024-04-23 20:38:59
美国5a-付费节点,1,7017,6.85KB,2024-04-23 20:42:00
美国5a-付费节点,1,7017,6.85KB,2024-04-23 20:48:03
泰国a-付费节点,1,852,852B,2024-04-23 20:49:51
台湾3a-付费节点,1,852,852B,2024-04-23 20:49:53
日本2a-付费节点,1,852,852B,2024-04-23 20:49:57
新加坡3a-付费节点,1,1252951,1.19MB,2024-04-23 20:50:02
印尼a-付费节点,1,426,426B,2024-04-23 20:50:04
日本1a-付费节点,1,852,852B,2024-04-23 20:50:08
澳洲a-付费节点,1,852,852B,2024-04-23 20:50:16
新加坡3a-付费节点,1,52327564,49.9MB,2024-04-23 20:51:03
美国5a-付费节点,1,197386,192.76KB,2024-04-23 20:51:05
法国2a-付费节点,1,852,852B,2024-04-23 20:51:29
土耳其b-付费节点,1,852,852B,2024-04-23 20:51:41
意大利a-付费节点,1,852,852B,2024-04-23 20:51:48
新加坡1b-付费节点,1,852,852B,2024-04-23 20:51:54
新加坡3a-付费节点,1,21549394,20.55MB,2024-04-23 20:52:03
印度a-付费节点,1,852,852B,2024-04-23 20:52:14
美国3a-付费节点,1,426,426B,2024-04-23 20:52:31
日本4a-付费节点,1,852,852B,2024-04-23 20:52:34
新加坡3a-付费节点,1,15648586,14.92MB,2024-04-23 20:53:04
新加坡3a-付费节点,1,17636883,16.82MB,2024-04-23 20:54:04
美国5a-付费节点,1,166423,162.52KB,2024-04-23 20:54:06
新加坡3a-付费节点,1,32617832,31.11MB,2024-04-23 20:55:04
新加坡3a-付费节点,1,28798518,27.46MB,2024-04-23 20:56:05
新加坡3a-付费节点,1,28726901,27.4MB,2024-04-23 20:57:05
新加坡3a-付费节点,1,15706924,14.98MB,2024-04-23 20:58:06
新加坡3a-付费节点,1,24882407,23.73MB,2024-04-23 20:59:06
新加坡3a-付费节点,1,4174250,3.98MB,2024-04-23 21:00:06
美国5a-付费节点,1,7017,6.85KB,2024-04-23 21:00:09
新加坡3a-付费节点,1,60605,59.18KB,2024-04-23 21:01:07
新加坡3a-付费节点,1,21099,20.6KB,2024-04-23 21:02:07
新加坡3a-付费节点,1,14865,14.52KB,2024-04-23 21:03:08
新加坡3a-付费节点,1,10549,10.3KB,2024-04-23 21:04:08
新加坡3a-付费节点,1,132527,129.42KB,2024-04-23 21:05:08
新加坡3a-付费节点,1,35739,34.9KB,2024-04-23 21:06:09
美国5a-付费节点,1,269677,263.36KB,2024-04-23 21:06:13
新加坡3a-付费节点,1,93091,90.91KB,2024-04-23 21:07:09
新加坡3a-付费节点,1,31780548,30.31MB,2024-04-23 21:08:10
新加坡3a-付费节点,1,27691533,26.41MB,2024-04-23 21:09:10
美国5a-付费节点,1,26192,25.58KB,2024-04-23 21:09:14
新加坡3a-付费节点,1,36747811,35.05MB,2024-04-23 21:10:10
美国3a-付费节点,1,106837716,101.89MB,2024-04-23 21:10:43
新加坡3a-付费节点,1,19642313,18.73MB,2024-04-23 21:11:11
新加坡3a-付费节点,1,19909397,18.99MB,2024-04-23 21:12:11
美国5a-付费节点,1,7017,6.85KB,2024-04-23 21:12:16
新加坡3a-付费节点,1,20734237,19.77MB,2024-04-23 21:13:11
美国3a-付费节点,1,42491111,40.52MB,2024-04-23 21:13:44
新加坡3a-付费节点,1,12699606,12.11MB,2024-04-23 21:14:12
新加坡3a-付费节点,1,28860382,27.52MB,2024-04-23 21:15:12
新加坡3a-付费节点,1,13159032,12.55MB,2024-04-23 21:16:13
美国3a-付费节点,1,4746213,4.53MB,2024-04-23 21:16:46
新加坡3a-付费节点,1,12423429,11.85MB,2024-04-23 21:17:13
新加坡3a-付费节点,1,17945405,17.11MB,2024-04-23 21:18:14
美国5a-付费节点,1,9417,9.2KB,2024-04-23 21:18:18
新加坡3a-付费节点,1,25113681,23.95MB,2024-04-23 21:19:14
美国3a-付费节点,1,1125186,1.07MB,2024-04-23 21:19:48
新加坡3a-付费节点,1,14645022,13.97MB,2024-04-23 21:20:14
新加坡3a-付费节点,1,18635278,17.77MB,2024-04-23 21:21:15
新加坡3a-付费节点,1,17050381,16.26MB,2024-04-23 21:22:15
美国3a-付费节点,1,6872481,6.55MB,2024-04-23 21:22:50
新加坡3a-付费节点,1,23608429,22.51MB,2024-04-23 21:23:16
新加坡3a-付费节点,1,20630515,19.67MB,2024-04-23 21:24:16
新加坡3a-付费节点,1,17144259,16.35MB,2024-04-23 21:25:16
美国3a-付费节点,1,1462088,1.39MB,2024-04-23 21:25:52
新加坡3a-付费节点,1,43874401,41.84MB,2024-04-23 21:26:17
新加坡3a-付费节点,1,63403017,60.47MB,2024-04-23 21:27:17
美国5a-付费节点,1,77944,76.12KB,2024-04-23 21:27:23
新加坡3a-付费节点,1,20781182,19.82MB,2024-04-23 21:28:18
美国3a-付费节点,1,460236,449.45KB,2024-04-23 21:28:53
新加坡3a-付费节点,1,32480602,30.98MB,2024-04-23 21:29:18
新加坡3a-付费节点,1,53663227,51.18MB,2024-04-23 21:30:18
美国5a-付费节点,1,491194,479.68KB,2024-04-23 21:30:24
新加坡3a-付费节点,1,33266476,31.73MB,2024-04-23 21:31:19
美国3a-付费节点,1,485127,473.76KB,2024-04-23 21:31:55
新加坡3a-付费节点,1,27570185,26.29MB,2024-04-23 21:32:19
新加坡3a-付费节点,1,51172360,48.8MB,2024-04-23 21:33:19
美国5a-付费节点,1,7017,6.85KB,2024-04-23 21:33:26
新加坡3a-付费节点,1,51087606,48.72MB,2024-04-23 21:34:20
美国3a-付费节点,1,7381607,7.04MB,2024-04-23 21:34:57
新加坡3a-付费节点,1,40004832,38.15MB,2024-04-23 21:35:20
新加坡3a-付费节点,1,38481267,36.7MB,2024-04-23 21:36:21
新加坡3a-付费节点,1,32269092,30.77MB,2024-04-23 21:37:21
美国3a-付费节点,1,441484,431.14KB,2024-04-23 21:37:59
新加坡3a-付费节点,1,36813976,35.11MB,2024-04-23 21:38:21
新加坡3a-付费节点,1,19338442,18.44MB,2024-04-23 21:39:22
美国5a-付费节点,1,9417,9.2KB,2024-04-23 21:39:30
新加坡3a-付费节点,1,38124752,36.36MB,2024-04-23 21:40:22
美国3a-付费节点,1,3747283,3.57MB,2024-04-23 21:41:01
新加坡3a-付费节点,1,22864796,21.81MB,2024-04-23 21:41:23
新加坡3a-付费节点,1,17979,17.56KB,2024-04-23 21:42:23
新加坡3a-付费节点,1,36523,35.67KB,2024-04-23 21:43:23
美国3a-付费节点,1,15979849,15.24MB,2024-04-23 21:44:02
新加坡3a-付费节点,1,10517,10.27KB,2024-04-23 21:44:24
新加坡3a-付费节点,1,10548,10.3KB,2024-04-23 21:45:24
美国5a-付费节点,1,81097,79.2KB,2024-04-23 21:45:34
新加坡3a-付费节点,1,26909,26.28KB,2024-04-23 21:46:25
美国3a-付费节点,1,8999454,8.58MB,2024-04-23 21:47:04
新加坡3a-付费节点,1,21000,20.51KB,2024-04-23 21:47:25
美国5a-付费节点,1,485613,474.23KB,2024-04-23 21:48:35
新加坡3a-付费节点,1,107016,104.51KB,2024-04-23 21:49:26
美国3a-付费节点,1,10313475,9.84MB,2024-04-23 21:50:06
新加坡3a-付费节点,1,26527,25.91KB,2024-04-23 21:50:26
新加坡3a-付费节点,1,17850,17.43KB,2024-04-23 21:51:26
新加坡3a-付费节点,1,12465,12.17KB,2024-04-23 21:52:27
美国3a-付费节点,1,986935,963.8KB,2024-04-23 21:53:08
新加坡3a-付费节点,1,11777,11.5KB,2024-04-23 21:53:27
新加坡3a-付费节点,1,21070,20.58KB,2024-04-23 21:54:28
新加坡3a-付费节点,1,15287,14.93KB,2024-04-23 21:55:28
美国3a-付费节点,1,856071,836.01KB,2024-04-23 21:56:10
新加坡3a-付费节点,1,10613,10.36KB,2024-04-23 21:56:28
新加坡3a-付费节点,1,10581,10.33KB,2024-04-23 21:57:29
新加坡3a-付费节点,1,10517,10.27KB,2024-04-23 21:58:29
美国3a-付费节点,1,2506879,2.39MB,2024-04-23 21:59:12
新加坡3a-付费节点,1,25849,25.24KB,2024-04-23 21:59:30
新加坡3a-付费节点,1,12136,11.85KB,2024-04-23 22:00:30
美国5a-付费节点,1,9417,9.2KB,2024-04-23 22:00:43
新加坡3a-付费节点,1,12110,11.83KB,2024-04-23 22:01:31
美国3a-付费节点,1,6450390,6.15MB,2024-04-23 22:02:13
新加坡3a-付费节点,1,24216,23.65KB,2024-04-23 22:02:31
新加坡3a-付费节点,1,12145,11.86KB,2024-04-23 22:03:31
新加坡3a-付费节点,1,24234,23.67KB,2024-04-23 22:04:32
美国3a-付费节点,1,937334,915.37KB,2024-04-23 22:05:15
新加坡3a-付费节点,1,12138,11.85KB,2024-04-23 22:05:32
新加坡3a-付费节点,1,12124,11.84KB,2024-04-23 22:06:33
新加坡3a-付费节点,1,12113,11.83KB,2024-04-23 22:07:33
美国3a-付费节点,1,4759320,4.54MB,2024-04-23 22:08:16
新加坡3a-付费节点,1,78830,76.98KB,2024-04-23 22:08:33
新加坡3a-付费节点,1,25776,25.17KB,2024-04-23 22:09:34
新加坡3a-付费节点,1,12151,11.87KB,2024-04-23 22:10:34
美国3a-付费节点,1,67476154,64.35MB,2024-04-23 22:11:19
新加坡3a-付费节点,1,16483,16.1KB,2024-04-23 22:11:35
新加坡3a-付费节点,1,12069,11.79KB,2024-04-23 22:12:35
美国5a-付费节点,1,9417,9.2KB,2024-04-23 22:12:50
新加坡3a-付费节点,1,12079,11.8KB,2024-04-23 22:13:35
美国3a-付费节点,1,7286415,6.95MB,2024-04-23 22:14:20
新加坡3a-付费节点,1,12044,11.76KB,2024-04-23 22:14:36
新加坡3a-付费节点,1,12140,11.86KB,2024-04-23 22:15:36
新加坡3a-付费节点,1,24820,24.24KB,2024-04-23 22:16:37
美国3a-付费节点,1,7205533,6.87MB,2024-04-23 22:17:22
新加坡3a-付费节点,1,24291,23.72KB,2024-04-23 22:17:37
新加坡3a-付费节点,1,12081,11.8KB,2024-04-23 22:18:37
美国5a-付费节点,1,85265,83.27KB,2024-04-23 22:18:52
新加坡3a-付费节点,1,70446,68.79KB,2024-04-23 22:19:38
美国3a-付费节点,1,7507956,7.16MB,2024-04-23 22:20:24
新加坡3a-付费节点,1,12143,11.86KB,2024-04-23 22:20:38
新加坡3a-付费节点,1,12199,11.91KB,2024-04-23 22:21:39
美国5a-付费节点,1,8986,8.78KB,2024-04-23 22:21:54
新加坡3a-付费节点,1,12068,11.79KB,2024-04-23 22:22:39
美国3a-付费节点,1,681954,665.97KB,2024-04-23 22:23:26
新加坡3a-付费节点,1,21014,20.52KB,2024-04-23 22:23:39
新加坡3a-付费节点,1,12049,11.77KB,2024-04-23 22:24:40
美国5a-付费节点,1,8986,8.78KB,2024-04-23 22:24:56
新加坡3a-付费节点,1,16818,16.42KB,2024-04-23 22:25:40
美国3a-付费节点,1,5695686,5.43MB,2024-04-23 22:26:28
新加坡3a-付费节点,1,12228,11.94KB,2024-04-23 22:26:41
新加坡3a-付费节点,1,12109,11.83KB,2024-04-23 22:27:41
美国5a-付费节点,1,120976,118.14KB,2024-04-23 22:27:57
新加坡3a-付费节点,1,12140,11.86KB,2024-04-23 22:28:42
美国3a-付费节点,1,1264320,1.21MB,2024-04-23 22:29:29
新加坡3a-付费节点,1,21513,21.01KB,2024-04-23 22:29:42
新加坡3a-付费节点,1,12102,11.82KB,2024-04-23 22:30:43
美国5a-付费节点,1,52340,51.11KB,2024-04-23 22:30:59
新加坡3a-付费节点,1,12234,11.95KB,2024-04-23 22:31:43
美国3a-付费节点,1,6008811,5.73MB,2024-04-23 22:32:31
新加坡3a-付费节点,1,29612,28.92KB,2024-04-23 22:32:43
新加坡3a-付费节点,1,1532,1.5KB,2024-04-23 22:33:44
美国5a-付费节点,1,309655,302.4KB,2024-04-23 22:34:01
新加坡3a-付费节点,1,19378,18.92KB,2024-04-23 22:34:44
美国3a-付费节点,1,642354,627.3KB,2024-04-23 22:35:33
新加坡3a-付费节点,1,12084,11.8KB,2024-04-23 22:35:45
新加坡3a-付费节点,1,12053,11.77KB,2024-04-23 22:36:45
美国5a-付费节点,1,68680,67.07KB,2024-04-23 22:37:03
新加坡3a-付费节点,1,12076,11.79KB,2024-04-23 22:37:45
美国3a-付费节点,1,611960,597.62KB,2024-04-23 22:38:35
新加坡3a-付费节点,1,12132,11.85KB,2024-04-23 22:38:46
新加坡3a-付费节点,1,21805,21.29KB,2024-04-23 22:39:46
美国5a-付费节点,1,8982,8.77KB,2024-04-23 22:40:04
新加坡3a-付费节点,1,12147,11.86KB,2024-04-23 22:40:47
美国3a-付费节点,1,19129151,18.24MB,2024-04-23 22:41:37
新加坡3a-付费节点,1,12142,11.86KB,2024-04-23 22:41:47
新加坡3a-付费节点,1,12108,11.82KB,2024-04-23 22:42:48
美国5a-付费节点,1,58597,57.22KB,2024-04-23 22:43:06
新加坡3a-付费节点,1,12145,11.86KB,2024-04-23 22:43:48
美国3a-付费节点,1,608884,594.61KB,2024-04-23 22:44:39
新加坡3a-付费节点,1,12262,11.97KB,2024-04-23 22:44:48
新加坡3a-付费节点,1,12610,12.31KB,2024-04-23 22:45:49
美国5a-付费节点,1,16989,16.59KB,2024-04-23 22:46:07
新加坡3a-付费节点,1,24753,24.17KB,2024-04-23 22:46:49
美国3a-付费节点,1,755026,737.33KB,2024-04-23 22:47:40
新加坡3a-付费节点,1,12114,11.83KB,2024-04-23 22:47:50
新加坡3a-付费节点,1,12232,11.95KB,2024-04-23 22:48:50
美国5a-付费节点,1,2277083,2.17MB,2024-04-23 22:49:09
新加坡3a-付费节点,1,77693,75.87KB,2024-04-23 22:49:51
美国3a-付费节点,1,669086,653.4KB,2024-04-23 22:50:42
美国5a-付费节点,1,7099,6.93KB,2024-04-23 22:52:11
美国3a-付费节点,1,720433,703.55KB,2024-04-23 22:53:44
美国3a-付费节点,1,602967,588.83KB,2024-04-23 22:56:46
美国5a-付费节点,1,7099,6.93KB,2024-04-23 22:58:15
美国3a-付费节点,1,665276,649.68KB,2024-04-23 22:59:48
美国3a-付费节点,1,594868,580.93KB,2024-04-23 23:02:50
美国3a-付费节点,1,670279,654.57KB,2024-04-23 23:05:52
美国3a-付费节点,1,645019,629.9KB,2024-04-23 23:08:54
美国3a-付费节点,1,173290,169.23KB,2024-04-23 23:11:56
美国5a-付费节点,1,179953,175.74KB,2024-04-23 23:31:32
越南a-付费节点,1,426,426B,2024-04-23 23:34:00
美国5a-付费节点,1,513934,501.89KB,2024-04-23 23:34:34
日本7a-付费节点,1,852,852B,2024-04-23 23:35:08
美国5a-付费节点,1,138071,134.83KB,2024-04-23 23:49:40
美国5a-付费节点,1,479218,467.99KB,2024-04-23 23:52:42
美国5a-付费节点,1,20160,19.69KB,2024-04-23 23:55:43
美国5a-付费节点,1,173437,169.37KB,2024-04-24 00:35:02
美国5a-付费节点,1,88154,86.09KB,2024-04-24 00:38:04
美国5a-付费节点,1,142641,139.3KB,2024-04-24 01:35:31
美国5a-付费节点,1,21558,21.05KB,2024-04-24 01:38:32
美国3a-付费节点,1,82829,80.89KB,2024-04-24 02:10:33
美国5a-付费节点,1,80764,78.87KB,2024-04-24 02:48:04
美国5a-付费节点,1,381422,372.48KB,2024-04-24 02:51:05
美国5a-付费节点,1,6221,6.08KB,2024-04-24 02:54:06
美国5a-付费节点,1,234604,229.11KB,2024-04-24 03:09:12
美国5a-付费节点,1,6235,6.09KB,2024-04-24 03:12:13
美国5a-付费节点,1,139164,135.9KB,2024-04-24 05:10:02
美国5a-付费节点,1,150752,147.22KB,2024-04-24 05:13:03
美国5a-付费节点,1,14753,14.41KB,2024-04-24 06:01:25
美国5a-付费节点,1,475289,464.15KB,2024-04-24 06:04:26
美国5a-付费节点,1,167231,163.31KB,2024-04-24 08:02:13
美国5a-付费节点,1,353,353B,2024-04-24 08:05:14
美国5a-付费节点,1,154911,151.28KB,2024-04-24 08:20:21
台湾2a-付费节点,1,45125802,43.04MB,2024-04-24 09:02:45
美国5a-付费节点,1,411577,401.93KB,2024-04-24 09:05:45
台湾2a-付费节点,1,76259,74.47KB,2024-04-24 09:05:47
美国5a-付费节点,1,19359,18.91KB,2024-04-24 09:08:47
台湾2a-付费节点,1,19479,19.02KB,2024-04-24 09:08:49
台湾2a-付费节点,1,410410,400.79KB,2024-04-24 09:17:56
台湾2a-付费节点,1,1436931,1.37MB,2024-04-24 09:20:58
美国5a-付费节点,1,374853,366.07KB,2024-04-24 09:23:56
台湾2a-付费节点,1,7054608,6.73MB,2024-04-24 09:24:00
美国5a-付费节点,1,32810,32.04KB,2024-04-24 09:26:57
台湾2a-付费节点,1,36341,35.49KB,2024-04-24 09:27:03
台湾2a-付费节点,1,96340,94.08KB,2024-04-24 09:30:05
台湾2a-付费节点,1,91618,89.47KB,2024-04-24 09:33:08
台湾2a-付费节点,1,29055,28.37KB,2024-04-24 09:36:11
台湾2a-付费节点,1,42436,41.44KB,2024-04-24 09:39:13
台湾2a-付费节点,1,124866,121.94KB,2024-04-24 09:42:15
台湾2a-付费节点,1,151581,148.03KB,2024-04-24 09:45:18
台湾2a-付费节点,1,37119,36.25KB,2024-04-24 09:48:21
台湾2a-付费节点,1,50253,49.08KB,2024-04-24 09:51:23
台湾2a-付费节点,1,83966,82KB,2024-04-24 09:54:25
台湾2a-付费节点,1,2193148,2.09MB,2024-04-24 09:57:28
台湾2a-付费节点,1,127626,124.63KB,2024-04-24 10:00:30
台湾2a-付费节点,1,105139,102.67KB,2024-04-24 10:03:32
美国5a-付费节点,1,179048,174.85KB,2024-04-24 10:06:18
台湾2a-付费节点,1,51186,49.99KB,2024-04-24 10:06:35
美国5a-付费节点,1,49460,48.3KB,2024-04-24 10:09:20
台湾2a-付费节点,1,40866,39.91KB,2024-04-24 10:09:38
台湾2a-付费节点,1,29089,28.41KB,2024-04-24 10:12:40
台湾2a-付费节点,1,29115,28.43KB,2024-04-24 10:15:42
台湾2a-付费节点,1,33637,32.85KB,2024-04-24 10:18:45
台湾2a-付费节点,1,76188,74.4KB,2024-04-24 10:21:47
美国5a-付费节点,1,474080,462.97KB,2024-04-24 10:24:27
台湾2a-付费节点,1,65979,64.43KB,2024-04-24 10:24:50
美国5a-付费节点,1,3308,3.23KB,2024-04-24 10:27:29
台湾2a-付费节点,1,29075,28.39KB,2024-04-24 10:27:53
台湾2a-付费节点,1,32373,31.61KB,2024-04-24 10:30:55
台湾2a-付费节点,1,38761,37.85KB,2024-04-24 10:33:57
台湾2a-付费节点,1,37442,36.56KB,2024-04-24 10:37:00
台湾2a-付费节点,1,33945,33.15KB,2024-04-24 10:40:03
台湾2a-付费节点,1,41973,40.99KB,2024-04-24 10:43:05
台湾2a-付费节点,1,29110,28.43KB,2024-04-24 10:46:07
台湾2a-付费节点,1,31022,30.29KB,2024-04-24 10:49:10
台湾2a-付费节点,1,27444,26.8KB,2024-04-24 10:52:12
台湾2a-付费节点,1,47297,46.19KB,2024-04-24 10:55:15
台湾2a-付费节点,1,28976,28.3KB,2024-04-24 10:58:17
台湾2a-付费节点,1,54243,52.97KB,2024-04-24 11:01:20
美国5a-付费节点,1,476010,464.85KB,2024-04-24 11:03:48
台湾2a-付费节点,1,1090775,1.04MB,2024-04-24 11:04:22
美国5a-付费节点,1,135882,132.7KB,2024-04-24 11:06:50
台湾2a-付费节点,1,111507,108.89KB,2024-04-24 11:07:25
台湾2a-付费节点,1,36924,36.06KB,2024-04-24 11:10:27
台湾2a-付费节点,1,921736,900.13KB,2024-04-24 11:13:30
台湾2a-付费节点,1,46382,45.29KB,2024-04-24 11:16:32
台湾2a-付费节点,1,48554,47.42KB,2024-04-24 11:19:35
台湾2a-付费节点,1,28883,28.21KB,2024-04-24 11:22:37
台湾2a-付费节点,1,34483,33.67KB,2024-04-24 11:25:40
台湾2a-付费节点,1,111817,109.2KB,2024-04-24 11:28:42
台湾2a-付费节点,1,56594,55.27KB,2024-04-24 11:31:45
台湾2a-付费节点,1,31282,30.55KB,2024-04-24 11:34:47
台湾2a-付费节点,1,7164452,6.83MB,2024-04-24 11:37:49
台湾2a-付费节点,1,390470,381.32KB,2024-04-24 11:40:52
台湾2a-付费节点,1,68993,67.38KB,2024-04-24 11:43:54
台湾2a-付费节点,1,39098,38.18KB,2024-04-24 11:46:57
台湾2a-付费节点,1,33750,32.96KB,2024-04-24 11:49:59
台湾2a-付费节点,1,28865,28.19KB,2024-04-24 11:53:01
台湾2a-付费节点,1,34095,33.3KB,2024-04-24 11:56:03
台湾2a-付费节点,1,28935,28.26KB,2024-04-24 11:59:05
美国5a-付费节点,1,33135933,31.6MB,2024-04-24 12:01:21
美国5a-付费节点,1,34497096,32.9MB,2024-04-24 12:04:22
美国5a-付费节点,1,42548752,40.58MB,2024-04-24 12:07:24
美国5a-付费节点,1,42160471,40.21MB,2024-04-24 12:10:26
美国5a-付费节点,1,30400683,28.99MB,2024-04-24 12:13:27
美国5a-付费节点,1,48840628,46.58MB,2024-04-24 12:16:29
美国5a-付费节点,1,61846157,58.98MB,2024-04-24 12:19:31
美国5a-付费节点,1,38946566,37.14MB,2024-04-24 12:22:33
美国3a-付费节点,1,5841756,5.57MB,2024-04-24 12:24:46
美国5a-付费节点,1,60803,59.38KB,2024-04-24 12:25:35
美国3a-付费节点,1,14762422,14.08MB,2024-04-24 12:27:48
美国5a-付费节点,1,18095,17.67KB,2024-04-24 12:28:37
美国3a-付费节点,1,43372137,41.36MB,2024-04-24 12:30:50
美国5a-付费节点,1,51455,50.25KB,2024-04-24 12:31:38
美国3a-付费节点,1,32030473,30.55MB,2024-04-24 12:33:51
美国3a-付费节点,1,7462370,7.12MB,2024-04-24 12:36:53
美国5a-付费节点,1,77517,75.7KB,2024-04-24 12:37:42
美国3a-付费节点,1,3506746,3.34MB,2024-04-24 12:39:55
美国5a-付费节点,1,23242,22.7KB,2024-04-24 12:40:43
美国3a-付费节点,1,2558214,2.44MB,2024-04-24 12:42:56
美国5a-付费节点,1,18251,17.82KB,2024-04-24 12:43:45
美国3a-付费节点,1,6153569,5.87MB,2024-04-24 12:45:58
美国5a-付费节点,1,35479,34.65KB,2024-04-24 12:46:47
美国3a-付费节点,1,6401376,6.1MB,2024-04-24 12:49:00
美国3a-付费节点,1,1077026,1.03MB,2024-04-24 12:52:02
美国5a-付费节点,1,6588,6.43KB,2024-04-24 12:52:50
美国3a-付费节点,1,361540,353.07KB,2024-04-24 12:55:03
美国3a-付费节点,1,337453,329.54KB,2024-04-24 12:58:05
美国5a-付费节点,1,10755825,10.26MB,2024-04-24 12:58:53
美国3a-付费节点,1,309938,302.67KB,2024-04-24 13:01:07
美国5a-付费节点,1,17434141,16.63MB,2024-04-24 13:01:55
美国3a-付费节点,1,7122053,6.79MB,2024-04-24 13:04:08
美国5a-付费节点,1,22576051,21.53MB,2024-04-24 13:04:56
美国3a-付费节点,1,301144,294.09KB,2024-04-24 13:07:10
美国5a-付费节点,1,14379599,13.71MB,2024-04-24 13:07:58
美国3a-付费节点,1,323558,315.97KB,2024-04-24 13:10:11
美国5a-付费节点,1,21308887,20.32MB,2024-04-24 13:11:00
美国3a-付费节点,1,152816,149.23KB,2024-04-24 13:13:13
美国5a-付费节点,1,385,385B,2024-04-24 13:14:01
美国3a-付费节点,1,270717,264.37KB,2024-04-24 13:16:15
美国3a-付费节点,1,320127,312.62KB,2024-04-24 13:19:17
美国3a-付费节点,1,290189,283.39KB,2024-04-24 13:22:18
美国5a-付费节点,1,325957,318.32KB,2024-04-24 13:23:06
美国5a-付费节点,1,101003,98.64KB,2024-04-24 13:26:07
美国5a-付费节点,1,59276,57.89KB,2024-04-24 13:41:15
美国5a-付费节点,1,477427,466.24KB,2024-04-24 13:44:17
台湾2a-付费节点,1,284862,278.19KB,2024-04-24 13:45:32
台湾2a-付费节点,1,33935,33.14KB,2024-04-24 13:48:33
台湾2a-付费节点,1,113321,110.67KB,2024-04-24 13:51:35
台湾2a-付费节点,1,25536,24.94KB,2024-04-24 13:54:37
台湾2a-付费节点,1,24550295,23.41MB,2024-04-24 13:57:39
台湾2a-付费节点,1,1077174,1.03MB,2024-04-24 14:00:41
台湾2a-付费节点,1,751922,734.3KB,2024-04-24 14:03:43
台湾2a-付费节点,1,37123275,35.4MB,2024-04-24 14:06:44
美国5a-付费节点,1,45666,44.6KB,2024-04-24 14:08:29
台湾2a-付费节点,1,20140901,19.21MB,2024-04-24 14:09:46
美国5a-付费节点,1,77342,75.53KB,2024-04-24 14:11:30
台湾2a-付费节点,1,18990293,18.11MB,2024-04-24 14:12:48
台湾2a-付费节点,1,19116797,18.23MB,2024-04-24 14:15:50
台湾2a-付费节点,1,22198710,21.17MB,2024-04-24 14:18:52
台湾2a-付费节点,1,21196261,20.21MB,2024-04-24 14:21:54
台湾2a-付费节点,1,20170023,19.24MB,2024-04-24 14:24:55
美国5a-付费节点,1,575125,561.65KB,2024-04-24 14:26:38
台湾2a-付费节点,1,18206271,17.36MB,2024-04-24 14:27:57
美国5a-付费节点,1,17630,17.22KB,2024-04-24 14:29:40
台湾2a-付费节点,1,19242699,18.35MB,2024-04-24 14:30:59
台湾2a-付费节点,1,21495756,20.5MB,2024-04-24 14:34:01
台湾2a-付费节点,1,20053246,19.12MB,2024-04-24 14:37:03
台湾2a-付费节点,1,20830502,19.87MB,2024-04-24 14:40:05
台湾2a-付费节点,1,20447306,19.5MB,2024-04-24 14:43:06
台湾2a-付费节点,1,31643149,30.18MB,2024-04-24 14:46:08
台湾2a-付费节点,1,19065560,18.18MB,2024-04-24 14:49:10
台湾2a-付费节点,1,21205208,20.22MB,2024-04-24 14:52:12
台湾2a-付费节点,1,21253827,20.27MB,2024-04-24 14:55:14
台湾2a-付费节点,1,20284558,19.34MB,2024-04-24 14:58:16
台湾2a-付费节点,1,18505578,17.65MB,2024-04-24 15:01:18
台湾2a-付费节点,1,18664356,17.8MB,2024-04-24 15:04:20
台湾2a-付费节点,1,19672957,18.76MB,2024-04-24 15:07:21
美国5a-付费节点,1,423815,413.88KB,2024-04-24 15:09:07
台湾2a-付费节点,1,19668845,18.76MB,2024-04-24 15:10:23
美国5a-付费节点,1,187051,182.67KB,2024-04-24 15:12:08
台湾2a-付费节点,1,20836524,19.87MB,2024-04-24 15:13:25
台湾2a-付费节点,1,32245653,30.75MB,2024-04-24 15:16:27
美国3a-付费节点,1,2649487,2.53MB,2024-04-24 15:17:24
台湾2a-付费节点,1,19751933,18.84MB,2024-04-24 15:19:28
美国3a-付费节点,1,10640435,10.15MB,2024-04-24 15:20:26
台湾2a-付费节点,1,17859322,17.03MB,2024-04-24 15:22:30
美国3a-付费节点,1,6395964,6.1MB,2024-04-24 15:23:28
台湾2a-付费节点,1,19694090,18.78MB,2024-04-24 15:25:32
美国3a-付费节点,1,404723,395.24KB,2024-04-24 15:26:29
台湾2a-付费节点,1,20397828,19.45MB,2024-04-24 15:28:34
美国3a-付费节点,1,323309,315.73KB,2024-04-24 15:29:31
台湾2a-付费节点,1,20645541,19.69MB,2024-04-24 15:31:36
美国3a-付费节点,1,749559,731.99KB,2024-04-24 15:32:33
台湾2a-付费节点,1,19948404,19.02MB,2024-04-24 15:34:38
美国3a-付费节点,1,363590,355.07KB,2024-04-24 15:35:34
台湾2a-付费节点,1,18971865,18.09MB,2024-04-24 15:37:40
美国3a-付费节点,1,295475,288.55KB,2024-04-24 15:38:36
台湾2a-付费节点,1,19281250,18.39MB,2024-04-24 15:40:42
美国3a-付费节点,1,1481966,1.41MB,2024-04-24 15:41:38
台湾2a-付费节点,1,20834988,19.87MB,2024-04-24 15:43:44
美国3a-付费节点,1,2913166,2.78MB,2024-04-24 15:44:39
台湾2a-付费节点,1,35138821,33.51MB,2024-04-24 15:46:46
美国3a-付费节点,1,613728,599.34KB,2024-04-24 15:47:41
台湾2a-付费节点,1,20024317,19.1MB,2024-04-24 15:49:47
美国3a-付费节点,1,16498383,15.73MB,2024-04-24 15:50:43
美国5a-付费节点,1,156230,152.57KB,2024-04-24 15:51:32
台湾2a-付费节点,1,19495606,18.59MB,2024-04-24 15:52:49
美国3a-付费节点,1,10900618,10.4MB,2024-04-24 15:53:45
美国5a-付费节点,1,429388,419.32KB,2024-04-24 15:54:34
台湾2a-付费节点,1,22325552,21.29MB,2024-04-24 15:55:51
美国3a-付费节点,1,8860957,8.45MB,2024-04-24 15:56:47
美国5a-付费节点,1,191250,186.77KB,2024-04-24 15:57:36
台湾2a-付费节点,1,19849048,18.93MB,2024-04-24 15:58:52
美国3a-付费节点,1,22664803,21.61MB,2024-04-24 15:59:49
美国5a-付费节点,1,387226,378.15KB,2024-04-24 16:00:37
台湾2a-付费节点,1,19553083,18.65MB,2024-04-24 16:01:55
美国3a-付费节点,1,18259637,17.41MB,2024-04-24 16:02:51
美国5a-付费节点,1,66824,65.26KB,2024-04-24 16:03:39
台湾2a-付费节点,1,19160043,18.27MB,2024-04-24 16:04:57
美国3a-付费节点,1,80945902,77.2MB,2024-04-24 16:05:53
美国5a-付费节点,1,347433,339.29KB,2024-04-24 16:06:41
台湾2a-付费节点,1,16799163,16.02MB,2024-04-24 16:07:59
美国3a-付费节点,1,52470421,50.04MB,2024-04-24 16:08:55
美国5a-付费节点,1,203533,198.76KB,2024-04-24 16:09:42
台湾2a-付费节点,1,12325941,11.75MB,2024-04-24 16:11:03
美国3a-付费节点,1,37332337,35.6MB,2024-04-24 16:11:57
美国5a-付费节点,1,171614,167.59KB,2024-04-24 16:12:44
台湾2a-付费节点,1,24928735,23.77MB,2024-04-24 16:14:06
美国3a-付费节点,1,43751761,41.72MB,2024-04-24 16:14:59
美国5a-付费节点,1,372857,364.12KB,2024-04-24 16:15:46
台湾2a-付费节点,1,20884069,19.92MB,2024-04-24 16:17:08
美国3a-付费节点,1,37653071,35.91MB,2024-04-24 16:18:01
美国5a-付费节点,1,59932,58.53KB,2024-04-24 16:18:48
台湾2a-付费节点,1,20846610,19.88MB,2024-04-24 16:20:10
美国3a-付费节点,1,19439787,18.54MB,2024-04-24 16:21:03
美国5a-付费节点,1,324360,316.76KB,2024-04-24 16:21:50
台湾2a-付费节点,1,20874137,19.91MB,2024-04-24 16:23:13
美国3a-付费节点,1,18079672,17.24MB,2024-04-24 16:24:05
美国5a-付费节点,1,90229,88.11KB,2024-04-24 16:24:52
台湾2a-付费节点,1,20859302,19.89MB,2024-04-24 16:26:15
美国3a-付费节点,1,4877963,4.65MB,2024-04-24 16:27:06
美国5a-付费节点,1,89857,87.75KB,2024-04-24 16:27:54
台湾2a-付费节点,1,20852907,19.89MB,2024-04-24 16:29:18
美国3a-付费节点,1,362494,354KB,2024-04-24 16:30:08
美国5a-付费节点,1,390233,381.09KB,2024-04-24 16:30:55
台湾2a-付费节点,1,20912247,19.94MB,2024-04-24 16:32:20
美国3a-付费节点,1,362300,353.81KB,2024-04-24 16:33:11
美国5a-付费节点,1,96115,93.86KB,2024-04-24 16:33:57
台湾2a-付费节点,1,21206891,20.22MB,2024-04-24 16:35:23
美国3a-付费节点,1,409637,400.04KB,2024-04-24 16:36:13
美国5a-付费节点,1,287487,280.75KB,2024-04-24 16:36:59
台湾2a-付费节点,1,20885808,19.92MB,2024-04-24 16:38:25
美国3a-付费节点,1,311993,304.68KB,2024-04-24 16:39:15
美国5a-付费节点,1,32302,31.54KB,2024-04-24 16:40:00
台湾2a-付费节点,1,21410861,20.42MB,2024-04-24 16:41:27
美国3a-付费节点,1,435296,425.09KB,2024-04-24 16:42:17
美国5a-付费节点,1,267374,261.11KB,2024-04-24 16:43:02
台湾2a-付费节点,1,20873788,19.91MB,2024-04-24 16:44:30
美国3a-付费节点,1,193715,189.17KB,2024-04-24 16:45:18
美国5a-付费节点,1,226635,221.32KB,2024-04-24 16:46:04
台湾2a-付费节点,1,21445320,20.45MB,2024-04-24 16:47:33
台湾2a-付费节点,1,20864386,19.9MB,2024-04-24 16:50:36
美国3a-付费节点,1,611253,596.93KB,2024-04-24 16:51:22
台湾2a-付费节点,1,20850932,19.88MB,2024-04-24 16:53:40
美国3a-付费节点,1,12614607,12.03MB,2024-04-24 16:54:24
美国5a-付费节点,1,710673,694.02KB,2024-04-24 16:55:08
台湾2a-付费节点,1,21376800,20.39MB,2024-04-24 16:56:42
美国3a-付费节点,1,15508535,14.79MB,2024-04-24 16:57:26
美国5a-付费节点,1,461551,450.73KB,2024-04-24 16:58:11
台湾2a-付费节点,1,21803161,20.79MB,2024-04-24 16:59:45
美国3a-付费节点,1,28994531,27.65MB,2024-04-24 17:00:28
美国5a-付费节点,1,40984,40.02KB,2024-04-24 17:01:14
台湾2a-付费节点,1,21696995,20.69MB,2024-04-24 17:02:47
美国3a-付费节点,1,19874581,18.95MB,2024-04-24 17:03:30
美国5a-付费节点,1,102403,100KB,2024-04-24 17:04:16
台湾2a-付费节点,1,21130686,20.15MB,2024-04-24 17:05:50
美国3a-付费节点,1,22228854,21.2MB,2024-04-24 17:06:32
美国5a-付费节点,1,80521,78.63KB,2024-04-24 17:07:18
台湾2a-付费节点,1,21607838,20.61MB,2024-04-24 17:08:52
美国3a-付费节点,1,10155079,9.68MB,2024-04-24 17:09:34
美国5a-付费节点,1,332808,325.01KB,2024-04-24 17:10:20
台湾2a-付费节点,1,21538665,20.54MB,2024-04-24 17:12:00
美国3a-付费节点,1,10534721,10.05MB,2024-04-24 17:12:36
美国5a-付费节点,1,140464,137.17KB,2024-04-24 17:13:22
台湾2a-付费节点,1,25892352,24.69MB,2024-04-24 17:15:08
美国3a-付费节点,1,10087974,9.62MB,2024-04-24 17:15:39
美国5a-付费节点,1,456852,446.14KB,2024-04-24 17:16:24
台湾2a-付费节点,1,21051128,20.08MB,2024-04-24 17:18:10
美国3a-付费节点,1,10395357,9.91MB,2024-04-24 17:18:41
美国5a-付费节点,1,58542,57.17KB,2024-04-24 17:19:26
台湾2a-付费节点,1,21554187,20.56MB,2024-04-24 17:21:12
美国3a-付费节点,1,70348824,67.09MB,2024-04-24 17:21:43
美国5a-付费节点,1,113396,110.74KB,2024-04-24 17:22:28
台湾2a-付费节点,1,21580089,20.58MB,2024-04-24 17:24:20
美国3a-付费节点,1,9616720,9.17MB,2024-04-24 17:24:45
美国5a-付费节点,1,2891416,2.76MB,2024-04-24 17:25:30
台湾2a-付费节点,1,28030718,26.73MB,2024-04-24 17:27:28
美国3a-付费节点,1,9156236,8.73MB,2024-04-24 17:27:47
美国5a-付费节点,1,2324752,2.22MB,2024-04-24 17:28:31
台湾2a-付费节点,1,22328608,21.29MB,2024-04-24 17:30:30
美国3a-付费节点,1,3468079,3.31MB,2024-04-24 17:30:49
美国5a-付费节点,1,3958745,3.78MB,2024-04-24 17:31:33
台湾2a-付费节点,1,20760307,19.8MB,2024-04-24 17:33:33
美国3a-付费节点,1,13628824,13MB,2024-04-24 17:33:51
美国5a-付费节点,1,3514888,3.35MB,2024-04-24 17:34:34
台湾2a-付费节点,1,581641,568.01KB,2024-04-24 17:36:35
美国3a-付费节点,1,13036532,12.43MB,2024-04-24 17:36:52
美国5a-付费节点,1,2759060,2.63MB,2024-04-24 17:37:36
台湾2a-付费节点,1,3660,3.57KB,2024-04-24 17:39:38
美国3a-付费节点,1,14619614,13.94MB,2024-04-24 17:39:54
美国5a-付费节点,1,2315915,2.21MB,2024-04-24 17:40:39
台湾2a-付费节点,1,3600,3.52KB,2024-04-24 17:42:41
美国3a-付费节点,1,13693720,13.06MB,2024-04-24 17:42:56
美国5a-付费节点,1,2650020,2.53MB,2024-04-24 17:43:41
台湾2a-付费节点,1,3600,3.52KB,2024-04-24 17:45:43
美国3a-付费节点,1,1501676,1.43MB,2024-04-24 17:45:58
美国5a-付费节点,1,1359486,1.3MB,2024-04-24 17:46:43
台湾2a-付费节点,1,3600,3.52KB,2024-04-24 17:48:46
美国3a-付费节点,1,237778,232.21KB,2024-04-24 17:49:00
美国5a-付费节点,1,1096743,1.05MB,2024-04-24 17:49:45
台湾2a-付费节点,1,3660,3.57KB,2024-04-24 17:51:48
美国3a-付费节点,1,520089,507.9KB,2024-04-24 17:52:03
美国5a-付费节点,1,1299932,1.24MB,2024-04-24 17:52:47
台湾2a-付费节点,1,1740,1.7KB,2024-04-24 17:54:50
美国3a-付费节点,1,411584,401.94KB,2024-04-24 17:55:05
美国5a-付费节点,1,1086263,1.04MB,2024-04-24 17:55:49